"Name","Platform","Year_of_Release","Genre","Publisher","NA_Sales","EU_Sales","JP_Sales","Other_Sales","Global_Sales","Critic_Score","Critic_Count","User_Score","User_Count","Developer","Rating"
3574,13,12,11,117,41.36,28.96,3.77,8.45,82.53,76,51,71,322,639,3
1722,13,14,7,117,15.68,12.76,3.79,3.29,35.52,82,73,74,709,639,3
3576,13,15,11,117,15.61,10.93,3.28,2.95,32.77,80,73,71,192,639,3
2149,3,12,5,117,11.28,9.14,6.5,2.88,29.8,89,65,76,431,639,3
3572,13,12,4,117,13.96,9.18,2.93,2.84,28.92,58,41,57,129,639,3
2152,13,15,5,117,14.44,6.94,4.7,2.24,28.32,87,80,75,594,639,3
1721,3,11,7,117,9.71,7.47,4.13,1.9,23.21,91,64,77,464,639,3
3566,13,13,11,117,8.92,8.03,3.6,2.15,22.7,80,63,68,146,639,3
1514,15,16,4,103,15,4.89,0.24,1.69,21.81,61,45,54,106,382,3
3567,13,15,11,117,9.01,8.49,2.53,1.77,21.79,80,33,65,52,639,3
1252,9,19,1,167,7.02,9.09,0.98,3.96,21.04,97,50,73,3994,775,6
1255,8,10,1,167,9.43,0.4,0.41,10.57,20.81,95,80,81,1588,775,6
340,3,11,4,117,4.74,9.2,4.16,2.04,20.15,77,58,70,50,639,3
1252,15,19,1,167,9.66,5.14,0.06,1.41,16.27,97,58,72,3711,775,6
1256,8,8,1,167,8.41,5.49,0.47,1.78,16.15,95,62,78,730,775,6
338,3,11,6,117,3.43,5.35,5.32,1.18,15.29,77,37,62,19,639,3
1241,8,7,7,150,6.85,5.09,1.87,1.16,14.98,95,54,75,314,708,3
408,15,17,9,6,9.04,4.24,0.13,1.32,14.73,88,81,25,8713,458,6
402,15,16,9,6,9.7,3.68,0.11,1.13,14.61,87,89,54,1454,973,6
403,9,18,9,6,4.99,5.73,0.65,2.42,13.79,83,21,44,922,973,6
403,15,18,9,6,8.25,4.24,0.07,1.12,13.67,83,73,39,2256,973,6
407,15,15,9,6,8.52,3.59,0.08,1.28,13.47,94,100,54,2698,457,6
408,9,17,9,6,5.54,5.73,0.49,1.57,13.32,88,39,23,5234,458,6
1250,8,7,1,167,6.99,4.51,0.3,1.3,13.1,97,56,76,664,263,6
3031,13,14,3,117,6.62,2.55,2.66,1.01,12.84,93,81,80,1662,359,7
1719,1,17,7,117,5.03,4.02,2.69,0.91,12.66,85,73,73,632,767,3
402,9,16,9,6,5.99,4.37,0.48,1.79,12.63,88,58,55,1094,973,6
1252,10,20,1,167,3.96,6.31,0.38,1.97,12.61,97,66,74,2899,775,6
106,3,11,10,117,2.5,3.45,5.33,0.86,12.13,86,57,78,242,639,3
1314,15,13,9,103,7.97,2.81,0.13,1.21,12.12,94,86,69,4100,160,6
1242,8,10,7,150,3.01,0.01,1.1,7.53,11.66,89,74,76,272,708,3
3013,13,13,5,117,6.06,3.35,1.2,0.74,11.35,97,73,80,2147,639,3
1251,15,14,1,167,6.76,3.07,0.14,1.03,11.01,98,86,70,2951,775,6
1239,7,3,7,150,4.02,3.87,2.54,0.52,10.95,96,16,78,138,708,3
3010,1,17,5,117,4.89,3,2.14,0.78,10.81,90,82,75,921,639,3
1243,9,16,7,150,2.96,4.82,0.81,2.11,10.7,84,82,66,1112,708,3
407,9,15,9,6,4.99,3.64,0.38,1.6,10.6,94,67,54,2073,457,6
1251,9,14,1,167,4.76,3.69,0.44,1.61,10.5,98,64,66,2833,775,6
405,15,19,9,6,6.73,2.56,0.04,0.91,10.25,73,29,17,2117,457,6
1488,13,17,4,182,5.95,3.11,0,1.06,10.12,74,15,69,16,987,4
2150,1,18,5,117,3.66,3.14,2.47,0.63,9.9,78,70,63,424,639,3
1321,15,16,9,103,7.04,1.95,0.08,0.79,9.86,91,99,70,2045,158,6
1076,7,3,8,150,3.01,2.47,3.28,0.96,9.72,92,20,83,1282,883,7
1316,15,18,9,103,6.65,2.28,0.04,0.74,9.71,87,87,61,3260,10,6
1240,7,5,7,150,3.88,3.42,1.69,0.5,9.49,93,23,81,135,708,7
1484,13,16,4,182,5.8,2.85,0.01,0.78,9.44,74,24,64,24,987,4
405,9,19,9,6,4.1,3.63,0.38,1.25,9.36,71,10,17,1047,457,6
399,15,13,9,6,5.93,2.36,0.13,0.9,9.31,94,70,75,1320,457,6
105,1,18,10,117,2.03,2.36,4.39,0.39,9.16,88,70,78,626,639,3
1732,3,13,4,117,4.4,1.85,1.98,0.68,8.91,72,27,69,85,430,3
3153,15,17,8,20,5.05,2.79,0.1,0.85,8.79,96,89,75,3589,105,6
1027,10,21,11,43,1.12,6.12,0.06,1.28,8.57,82,42,34,896,287,3
1312,16,10,9,103,6.82,1.53,0.05,0.08,8.49,95,91,73,1218,159,6
3570,13,16,4,117,1.75,3.47,2.49,0.67,8.38,68,42,65,54,620,3
1729,13,13,4,117,3.74,2.24,1.58,0.7,8.27,62,41,54,190,428,3
1037,9,18,1,43,1.06,5.01,0.13,1.97,8.16,88,37,57,348,305,3
1078,8,7,8,150,2.91,2.07,2.73,0.33,8.05,92,53,78,1056,883,7
3251,6,15,10,43,0.99,6.42,0,0.6,8.01,86,75,67,886,951,7
1077,7,5,8,160,2.28,1.72,3.63,0.23,7.86,90,24,77,644,883,7
2366,3,14,8,117,2.76,1.72,2.69,0.54,7.72,83,46,76,203,362,3
1254,11,11,1,167,2.9,2.81,0.24,1.73,7.69,88,65,67,451,773,6
401,10,20,9,6,2.81,3.48,0.14,1.23,7.66,83,39,48,1443,850,6
1028,10,22,11,43,0.66,5.75,0.08,1.11,7.59,85,41,41,398,290,3
3014,13,16,5,117,3.56,2.35,0.98,0.62,7.51,97,87,82,1854,640,3
410,15,14,9,6,4.81,1.88,0,0.69,7.38,84,84,67,580,973,6
236,15,17,9,43,4.46,2.11,0.06,0.69,7.32,84,57,65,2142,278,6
2126,8,9,7,43,3.27,2.83,0.08,1.02,7.2,85,33,77,171,271,3
1483,13,15,4,182,3.48,2.99,0,0.73,7.2,49,21,71,110,995,4
236,9,17,9,43,2.85,2.89,0.35,1.08,7.17,85,38,66,1761,278,6
992,10,21,8,20,2.53,3.27,0.24,1.13,7.16,87,58,56,4228,105,6
3092,7,4,3,150,3.27,2.22,1.4,0.29,7.16,96,15,82,367,608,7
3209,13,12,1,117,3.74,2.14,0.6,0.68,7.15,95,73,81,1658,639,7
531,7,4,5,150,3.68,1.75,1.42,0.28,7.13,91,12,80,432,616,3
1720,14,20,7,117,3.15,2.15,1.28,0.51,7.09,88,82,82,1599,639,3
3032,5,7,3,117,4.41,1.04,1.39,0.22,7.07,92,38,82,568,400,7
2127,8,10,7,43,2.71,3.02,0.08,1.09,6.9,82,39,77,132,273,3
1776,8,8,9,43,2.93,2.75,0.17,0.99,6.83,88,29,76,135,281,7
1489,13,18,4,182,4.05,2.16,0,0.55,6.76,74,10,64,28,987,4
1191,15,14,9,103,4.15,1.9,0.06,0.64,6.75,93,90,68,2739,311,6
3466,9,17,1,150,2.77,2.75,0.19,1.03,6.74,92,97,74,3712,616,7
399,9,13,9,6,3.11,2.26,0.28,1.03,6.68,94,44,75,993,457,6
3465,9,15,1,150,3.27,2.2,0.21,0.98,6.66,96,105,79,5187,616,7
262,3,11,4,117,1.66,2.75,1.6,0.62,6.62,74,45,65,27,639,3
2491,9,16,1,167,2.79,2.53,0.17,0.99,6.49,95,73,79,2456,776,6
1025,9,19,11,43,0.78,4.24,0.07,1.37,6.47,86,37,34,576,273,3
161,9,18,1,182,2.64,2.52,0.16,1.12,6.45,85,41,60,1307,987,6
770,13,16,5,117,3.17,1.79,1.03,0.46,6.44,87,77,77,368,766,3
1319,16,7,9,103,4.98,1.3,0.08,0.07,6.43,97,68,77,1283,159,6
3153,9,17,8,20,2.55,2.6,0.25,1,6.41,92,16,55,2527,105,6
2362,4,10,8,117,2.57,1.58,2.06,0.21,6.41,76,28,81,222,362,3
1527,8,8,8,150,3.64,1.2,1.49,0.07,6.4,85,46,79,597,883,3
1315,15,15,9,103,4.34,1.34,0.06,0.61,6.34,83,94,62,1163,160,6
2491,15,16,1,167,3.7,1.95,0.09,0.58,6.32,95,96,81,2316,776,6
3017,5,8,5,117,4.01,1.26,0.87,0.17,6.31,92,61,77,439,639,3
3608,6,10,8,6,0.08,6.21,0,0,6.29,93,57,64,2182,130,7
843,7,5,1,63,3.11,2.8,0.02,0.33,6.27,87,22,72,78,759,7
1192,15,17,9,103,4.05,1.59,0.07,0.5,6.21,91,96,69,1504,311,6
1517,15,16,11,103,3.92,1.73,0.03,0.51,6.19,73,51,65,95,734,4
1190,15,12,9,103,3.54,1.88,0.07,0.6,6.09,94,88,74,2295,311,6
1026,10,20,11,43,0.8,4.33,0.05,0.9,6.08,82,47,48,988,287,3
1815,8,7,1,91,2.45,2.01,0.87,0.72,6.05,96,42,78,1026,499,6
1814,7,4,1,91,3.18,1.83,0.78,0.24,6.03,94,20,85,918,499,6
1819,9,14,1,91,2.63,1.71,0.83,0.82,5.99,94,82,78,3558,511,6
1085,8,12,8,158,1.88,0,2.33,1.74,5.95,92,64,67,972,878,7
3186,9,19,1,152,2.41,2.18,0.28,0.99,5.87,95,98,82,8003,616,6
1625,9,14,5,150,2.8,1.98,0.17,0.87,5.82,95,85,59,5311,805,3
2505,7,4,1,189,1.88,1.47,2.02,0.45,5.82,89,13,83,364,165,6
823,3,15,8,117,0.63,0.67,4.35,0.15,5.78,87,65,79,197,529,4
3091,7,2,3,150,2.26,1.89,1.36,0.23,5.74,89,8,80,102,608,7
674,10,20,9,6,2.49,2.07,0.16,0.92,5.64,76,95,52,5380,160,7
1606,13,13,1,94,3.57,1.55,0,0.51,5.64,80,17,80,62,971,4
516,3,12,10,2,3.07,1.91,0.07,0.57,5.63,67,35,63,21,914,3
159,9,15,1,182,2.54,1.93,0.21,0.86,5.55,91,70,77,1202,994,6
158,15,13,2,182,3.28,1.64,0.07,0.56,5.54,81,77,68,1074,994,6
1137,15,15,7,103,2.99,1.9,0.1,0.5,5.49,92,90,71,516,984,3
3012,4,7,5,117,3.14,1.24,0.91,0.2,5.49,84,19,69,41,639,3
1910,11,14,8,26,0.47,0.55,4.13,0.34,5.48,81,48,78,124,165,7
218,9,17,1,193,2.71,1.85,0.11,0.81,5.48,96,42,77,2162,782,7
1252,17,20,1,167,2.81,2.19,0,0.47,5.48,97,14,70,764,775,6
1723,4,7,7,117,2.62,1.64,0.99,0.23,5.47,93,24,74,108,463,3
534,8,7,5,184,2.07,2.29,0.24,0.82,5.42,66,22,62,156,971,3
410,9,14,9,6,2.73,1.83,0,0.83,5.39,85,45,67,409,973,6
3467,10,22,9,150,1.85,2.5,0.19,0.85,5.38,93,113,70,7064,616,7
1087,9,15,8,158,1.74,1.21,1.87,0.51,5.33,83,83,64,2483,878,7
1069,7,6,8,160,1.62,0.77,2.78,0.14,5.3,94,22,80,779,883,7
161,15,18,1,182,3.13,1.69,0.03,0.44,5.29,84,61,58,1196,987,6
1079,8,9,8,43,1.92,1.08,2.11,0.17,5.29,85,45,57,400,883,7
401,17,20,9,6,3.22,1.55,0.01,0.48,5.27,81,53,45,898,850,6
159,15,15,1,182,3.11,1.55,0.08,0.51,5.26,90,82,79,1305,994,6
1686,8,23,11,43,4.26,0.26,0.01,0.71,5.23,94,29,76,140,291,3
2151,14,18,5,117,2.3,1.34,1.27,0.32,5.22,84,70,72,733,639,3
829,8,10,8,158,0.65,0.75,3.61,0.2,5.21,89,63,79,245,529,7
2412,3,13,6,117,1.21,2.43,1.03,0.52,5.19,85,72,77,147,529,3
1037,15,18,1,43,1.09,3.47,0.03,0.57,5.16,90,48,52,403,305,3
692,6,18,8,6,2.44,2.16,0,0.54,5.14,88,86,31,9629,130,6
1778,8,9,9,43,1.98,2.23,0.13,0.8,5.13,68,30,67,100,281,7
1290,8,12,4,138,3.81,0.63,0,0.68,5.12,92,69,76,112,405,7
985,15,16,8,103,3.59,1.08,0.05,0.38,5.1,80,88,56,604,534,6
2507,9,15,1,26,1.96,1.41,1.08,0.64,5.09,84,76,66,667,165,6
3203,3,13,1,117,1.85,1.8,0.95,0.48,5.08,90,57,71,416,639,3
1036,9,16,11,43,0.61,3.28,0.06,1.12,5.07,89,51,71,233,287,3
2503,7,2,1,189,2.05,1.16,1.11,0.73,5.05,91,8,81,266,165,6
1257,11,12,1,167,1.7,1.99,0.16,1.18,5.03,86,50,71,150,773,6
3372,7,5,11,6,3.42,1.38,0.02,0.2,5.02,92,18,83,69,628,7
1291,8,13,4,6,3.49,0.01,0.01,1.48,4.98,82,24,73,46,629,7
1618,13,13,9,117,3.05,1.17,0.29,0.46,4.98,68,34,62,47,639,7
991,15,14,8,20,3.4,0.99,0.09,0.45,4.93,93,84,76,1655,105,6
3468,9,13,1,150,2.31,1.72,0.12,0.77,4.92,88,66,72,2306,617,7
1671,8,11,11,43,3.98,0.26,0.01,0.66,4.91,88,29,71,121,287,3
2961,6,16,12,6,2.57,1.68,0,0.58,4.84,93,82,73,3052,130,7
158,9,13,2,182,1.91,2,0.09,0.82,4.82,81,40,64,769,994,6
1220,9,16,1,150,2.74,1.33,0.12,0.61,4.8,92,101,78,2633,803,6
539,7,5,7,150,2.57,1.57,0.44,0.21,4.79,88,20,81,233,616,3
1606,3,13,1,94,2.83,1.48,0,0.45,4.76,80,9,45,46,982,3
845,7,6,1,16,2.36,2.1,0.02,0.25,4.73,62,14,68,92,759,7
218,15,17,1,193,2.99,1.27,0.04,0.42,4.73,94,87,78,1472,782,7
3373,7,6,11,6,3.05,1.41,0.02,0.2,4.68,98,19,68,299,628,7
3218,8,8,1,43,1.94,1.95,0.08,0.7,4.67,82,32,73,78,891,7
3363,7,2,1,42,2.29,1.97,0.13,0.24,4.63,91,13,77,147,203,7
103,13,14,10,117,1.82,1.12,1.32,0.36,4.62,73,50,67,119,639,3
3470,10,21,1,150,2.07,1.71,0.08,0.76,4.62,86,78,72,1264,141,7
3207,5,8,1,117,2.6,0.99,0.89,0.13,4.6,96,80,80,968,639,3
1291,13,13,4,6,3.04,1.11,0,0.43,4.6,86,36,75,87,1020,7
1655,1,19,1,117,1.8,1.39,1.11,0.29,4.59,86,74,75,458,634,3
1138,15,17,7,103,2.08,1.97,0.06,0.46,4.57,91,83,73,617,984,3
1687,8,10,11,43,4.18,0.26,0.01,0.08,4.53,91,30,70,78,291,3
1291,15,13,4,6,3.19,0.91,0.01,0.42,4.53,85,69,70,165,628,7
1672,8,12,11,43,3.63,0.24,0.01,0.61,4.49,84,29,73,39,287,3
1317,17,21,9,103,2.78,1.27,0.03,0.41,4.48,84,101,55,2438,10,7
2878,8,8,1,6,2.71,1.51,0.03,0.23,4.48,76,25,70,41,973,3
406,10,22,9,6,1.61,2,0.15,0.71,4.46,77,82,25,1129,457,6
1217,8,11,1,150,2.71,1.29,0.02,0.43,4.45,94,75,80,997,803,6
2883,14,21,9,117,1.54,1.18,1.46,0.26,4.43,81,88,76,1184,639,4
2221,14,18,4,117,2.52,1.11,0.46,0.33,4.42,77,61,70,471,639,4
3375,8,7,11,6,2.66,1.29,0.01,0.46,4.41,97,34,66,298,628,7
3584,8,12,11,91,0.1,2.39,1.05,0.86,4.39,86,19,80,33,513,3
3151,15,12,8,167,2.82,1.03,0.13,0.4,4.38,94,90,78,1109,106,6
2132,8,11,7,43,2.03,1.79,0.08,0.47,4.37,82,36,82,137,273,7
1848,13,16,4,182,2.64,1.33,0.01,0.39,4.36,56,37,74,31,996,4
2525,9,12,9,150,1.74,1.72,0.14,0.75,4.34,86,70,72,715,462,6
1530,8,11,8,158,2.2,0.58,1.38,0.17,4.33,87,64,81,766,878,4
3011,14,19,5,117,2.11,1.16,0.73,0.32,4.32,93,83,81,1607,639,3
984,15,14,8,103,2.51,1.24,0.11,0.41,4.27,89,95,56,2423,534,6
1989,4,7,4,112,3,1.11,0.05,0.07,4.24,79,10,64,6,564,3
217,9,15,1,42,2.24,1.31,0.07,0.61,4.23,91,70,80,1122,782,7
1817,8,10,1,91,1.46,0,0.83,1.93,4.23,91,68,84,955,499,6
168,9,17,1,182,1.41,2.01,0.1,0.7,4.22,80,39,66,613,994,6
992,17,21,8,20,2.51,1.32,0.01,0.38,4.22,88,39,53,1749,105,6
1025,15,19,11,43,0.92,2.89,0.01,0.4,4.22,84,41,33,435,273,3
617,11,12,5,150,2.45,1.01,0,0.75,4.21,85,59,78,109,742,4
1031,8,11,11,43,0.78,2.55,0.04,0.84,4.21,80,32,69,47,273,3
960,8,9,4,150,0.88,2.3,0.2,0.83,4.2,80,32,66,22,815,3
1244,9,13,7,150,1.28,1.82,0.57,0.52,4.19,80,67,62,120,708,3
168,15,17,1,182,2.25,1.47,0.04,0.43,4.19,80,77,63,564,994,6
2979,9,15,3,26,2.03,1.04,0.58,0.52,4.16,94,61,64,330,165,7
1685,8,8,11,43,3.36,0.21,0.01,0.56,4.14,95,25,68,65,287,3
1309,6,3,9,190,4.03,0,0.09,0,4.12,96,24,82,3161,1013,6
3612,6,13,8,6,2.57,1.52,0,0,4.09,91,46,70,785,130,7
233,10,22,9,43,1.1,2.15,0.21,0.61,4.08,88,31,75,809,278,6
1219,8,13,1,150,2.32,0.04,0.04,1.67,4.07,93,70,80,709,803,6
993,15,16,8,20,2.66,1.03,0.04,0.33,4.05,84,81,72,769,658,6
1136,15,13,7,103,2.35,1.27,0.03,0.41,4.05,90,66,74,381,984,3
423,13,13,4,167,2.12,1.47,0.05,0.42,4.05,56,27,51,44,171,3
3550,10,20,1,182,1.4,1.9,0.11,0.64,4.05,80,80,54,2996,994,6
3098,8,6,3,112,1.68,1.51,0.51,0.35,4.05,85,25,76,117,608,7
1006,10,20,9,182,1.13,2.18,0.1,0.63,4.04,85,83,68,1653,994,6
1577,15,15,9,43,2.67,0.87,0.05,0.38,3.97,89,76,77,681,1013,6
3286,10,21,8,112,1.02,2.13,0.23,0.59,3.97,92,79,83,10179,177,6
170,10,20,1,182,1.19,2.07,0.08,0.62,3.96,70,40,40,2050,1007,6
219,10,21,1,193,1.53,1.69,0.1,0.64,3.95,87,89,67,2679,782,6
3204,13,17,1,117,2.03,1.16,0.37,0.38,3.95,93,81,71,1958,639,4
991,9,14,8,20,2.15,1.13,0.07,0.59,3.94,90,57,71,910,105,6
2413,3,13,6,117,0.9,1.76,0.92,0.37,3.94,84,65,79,72,529,4
887,13,15,11,43,2.09,1.35,0.06,0.4,3.9,81,27,78,39,273,3
3380,8,9,11,6,2.29,1.17,0.01,0.42,3.9,90,38,78,121,628,7
1907,1,20,8,117,0.68,0.48,2.62,0.11,3.89,86,80,78,348,165,7
3153,6,17,8,20,1.16,2.12,0,0.6,3.88,94,32,72,9073,105,6
2059,10,21,11,167,2.49,0.66,0.03,0.69,3.88,87,51,58,364,1029,4
3095,8,11,3,112,0.93,1.94,0.31,0.7,3.87,88,62,77,229,608,7
1945,9,12,7,150,1.53,1.6,0.06,0.67,3.87,84,9,65,220,321,7
3622,8,10,11,91,0.16,1.89,1.12,0.68,3.85,91,26,82,38,502,3
2896,9,16,11,150,2.13,1.12,0.1,0.5,3.84,76,64,70,104,812,4
405,10,19,9,6,1.78,1.43,0.05,0.57,3.83,78,49,28,1564,457,6
1106,3,13,4,117,0.86,1.56,1.05,0.35,3.83,59,22,31,4,644,3
3362,10,22,9,182,1.35,1.7,0.15,0.6,3.8,80,64,61,2219,565,6
263,13,13,4,117,1.05,1.91,0.41,0.42,3.79,68,33,60,39,639,3
1597,15,14,1,6,2.4,1.01,0,0.36,3.76,77,60,66,66,971,4
3267,6,8,10,43,2.03,1.56,0,0.17,3.76,79,21,71,29,569,7
1334,7,7,1,43,1.37,2,0.14,0.22,3.73,64,11,66,41,61,3
3025,13,13,5,117,1.95,0.86,0.59,0.31,3.71,85,56,70,417,463,3
2909,7,6,5,150,1.93,1.58,0,0.19,3.71,91,15,79,207,462,3
163,9,19,1,182,1.33,1.68,0.13,0.57,3.71,88,36,72,840,987,6
1041,8,10,11,43,0.58,2.48,0.04,0.59,3.7,81,27,67,56,273,3
3376,8,8,11,6,2.13,1.18,0.01,0.35,3.67,94,27,76,128,628,7
1977,3,13,10,43,1.58,1.59,0.08,0.41,3.66,67,15,64,13,966,3
1852,11,11,7,167,1.65,1.21,0,0.79,3.65,74,34,75,31,773,4
2803,8,8,9,150,2.53,0.81,0.06,0.24,3.65,82,42,70,82,1064,6
1450,8,7,5,150,2.08,1.09,0.15,0.33,3.64,90,35,78,312,616,3
2399,8,13,11,91,0.05,0,0.64,2.93,3.63,82,10,70,38,513,3
2506,8,11,1,26,2.08,0.83,0.46,0.25,3.62,96,38,80,1013,165,6
1301,13,14,4,6,2.32,0.96,0,0.34,3.62,86,18,67,71,1020,7
1035,9,15,11,43,0.6,2.45,0.05,0.52,3.62,91,56,67,203,287,3
2943,8,10,9,94,1.93,1.22,0.03,0.44,3.61,82,36,78,142,680,7
3242,8,7,7,43,2.02,1.17,0,0.42,3.61,64,23,68,32,340,7
1654,5,7,1,117,2.38,0.67,0.46,0.1,3.6,78,34,76,161,639,3
237,10,19,9,43,1.35,1.55,0.17,0.51,3.59,85,18,60,1580,278,6
2944,8,11,9,94,2.18,1.02,0.03,0.37,3.59,84,30,81,268,680,7
517,3,13,10,2,1.6,1.49,0.1,0.39,3.58,70,39,71,9,661,3
1254,8,12,1,167,1.56,1.4,0.07,0.5,3.54,78,49,69,112,773,6
3158,8,8,1,150,1.23,1.77,0.05,0.49,3.54,72,49,59,88,932,6
1453,8,7,9,43,1.9,1.13,0.1,0.41,3.53,72,27,70,48,283,7
1036,15,16,11,43,0.71,2.39,0.02,0.4,3.52,88,66,66,155,287,3
1576,15,14,9,43,2.66,0.49,0.05,0.3,3.51,89,67,70,1309,178,6
170,17,20,1,182,2.27,0.9,0,0.33,3.5,72,59,32,1005,1007,6
2507,15,15,1,26,2.11,0.93,0.12,0.34,3.5,83,91,66,523,165,6
167,15,16,1,182,2.85,0.38,0.03,0.24,3.49,89,81,74,693,994,6
1040,8,23,11,43,0.59,2.36,0.04,0.51,3.49,84,20,55,76,273,3
237,9,19,9,43,1.3,1.42,0.27,0.5,3.49,80,14,49,579,278,6
217,15,15,1,42,2.2,0.95,0.02,0.31,3.48,92,78,78,1080,782,7
237,15,19,9,43,2.15,1.01,0.02,0.31,3.48,79,21,47,542,278,6
239,15,16,9,43,2.1,1.01,0.04,0.32,3.47,88,75,77,869,278,6
1296,3,14,4,6,2.1,1.01,0.01,0.35,3.46,71,70,79,29,1020,4
483,3,12,4,117,0.59,1.79,0.73,0.34,3.45,83,30,75,28,35,3
333,15,15,9,167,2.4,0.71,0.03,0.29,3.44,84,83,73,715,371,6
3094,8,8,3,112,1.55,1.27,0.33,0.29,3.44,79,23,74,126,608,7
1249,7,4,1,167,1.13,2.07,0,0.22,3.42,70,15,71,67,263,7
1821,10,21,1,91,1.09,1.36,0.49,0.48,3.41,93,86,73,3943,512,6
2870,8,10,1,6,1.75,1.2,0.02,0.43,3.41,80,50,80,106,973,7
1039,8,8,11,43,0.46,2.28,0.05,0.61,3.4,88,15,58,35,273,3
1626,9,17,5,150,1.83,1.05,0.06,0.46,3.39,91,86,75,657,570,3
535,7,6,4,150,1.56,1.47,0.19,0.17,3.39,68,12,73,99,318,3
164,10,21,1,182,0.81,1.99,0.07,0.52,3.39,76,86,59,1319,997,6
1588,15,14,1,193,2.04,1.02,0,0.32,3.38,76,49,70,75,971,4
674,17,20,9,6,2.14,0.92,0,0.31,3.37,75,11,46,1735,160,7
1005,9,18,9,182,0.88,1.7,0.1,0.67,3.35,90,32,76,1041,994,6
1456,8,8,9,43,1.45,1.29,0.12,0.46,3.33,77,20,76,66,318,7
2933,8,11,1,94,1.47,1.39,0.03,0.43,3.32,60,34,63,82,266,7
3205,3,15,1,117,1.4,0.91,0.74,0.26,3.31,87,75,69,228,639,4
1761,8,7,9,167,1.99,1.05,0.05,0.22,3.31,80,21,76,86,778,6
163,15,19,1,182,1.9,1.11,0.01,0.29,3.3,86,35,70,701,987,6
3216,8,9,1,43,1.5,1.28,0.05,0.46,3.28,85,31,78,105,280,7
1195,17,21,9,103,2.61,0.33,0,0.34,3.28,82,74,66,563,876,6
3433,8,9,1,6,1.89,1.05,0.02,0.31,3.27,77,39,71,94,546,6
2415,3,14,6,117,0.6,1.57,0.82,0.27,3.26,86,62,83,111,529,4
1027,17,21,11,43,0.89,2.12,0,0.24,3.25,84,45,35,459,287,3
3569,13,14,4,117,1.35,1.11,0.46,0.32,3.25,63,43,37,116,639,3
1681,10,21,11,43,2.34,0.3,0,0.6,3.24,83,37,50,180,287,3
1245,9,19,7,150,0.72,1.67,0.4,0.44,3.23,81,81,68,758,708,3
1322,17,20,9,103,1.91,1,0.03,0.29,3.23,85,69,63,1267,10,6
3015,14,21,5,117,1.18,0.89,0.94,0.2,3.21,88,85,78,691,639,3
1222,11,14,1,150,1.48,1,0.04,0.66,3.18,91,79,77,565,742,6
913,8,9,1,16,1.78,1.12,0.09,0.19,3.18,62,30,72,137,841,7
549,11,13,8,158,1.35,0.59,0.8,0.43,3.18,83,67,71,463,878,7
569,15,16,4,109,2.15,0.76,0.01,0.26,3.17,82,63,67,85,405,7
1567,9,17,2,167,1.27,1.29,0.12,0.49,3.17,89,78,68,1010,928,6
33,8,7,10,152,2.06,0.56,0.38,0.17,3.17,89,22,82,95,608,3
101,5,7,10,117,1.92,0.16,0.99,0.09,3.15,87,42,80,137,639,3
1032,8,13,11,43,0.68,0,0,2.46,3.14,83,12,56,36,273,3
2869,7,6,1,6,1.7,1.25,0.02,0.16,3.13,87,19,81,107,628,3
1730,13,18,4,117,1.06,1.09,0.76,0.22,3.13,73,45,59,155,620,3
2838,3,11,5,148,1.21,1.56,0.06,0.29,3.12,82,43,76,101,260,3
2533,3,14,4,117,0.55,0.5,1.93,0.13,3.11,83,48,81,63,639,3
993,9,16,8,20,1.52,1.03,0.1,0.46,3.11,82,57,69,492,658,6
2314,3,12,4,117,0.9,1,1.03,0.17,3.11,81,12,69,10,454,3
3151,9,13,8,182,1.69,0.85,0.14,0.43,3.1,93,45,71,604,17,6
3199,1,19,1,117,1.4,1.01,0.46,0.23,3.1,91,81,80,1057,639,3
2508,9,18,9,26,0.88,0.94,0.88,0.4,3.1,74,34,45,1304,165,6
1757,15,16,8,43,1.99,0.81,0.03,0.27,3.1,96,98,80,3143,117,6
791,8,8,3,16,2.17,0.28,0.55,0.08,3.09,67,28,70,71,257,7
1684,8,7,11,43,2.5,0.16,0.01,0.42,3.08,94,23,70,46,287,3
3268,6,8,10,43,1.72,1.21,0,0.14,3.07,75,18,69,22,569,7
1588,13,23,1,193,1.8,0.97,0,0.29,3.06,74,17,70,22,971,4
104,1,21,10,117,0.51,1.02,1.4,0.12,3.05,66,60,60,106,639,3
3257,6,20,10,43,1,1.82,0,0.23,3.05,70,74,30,2057,569,7
334,15,18,9,167,1.89,0.88,0.04,0.25,3.05,89,59,73,892,371,6
1588,3,14,1,193,1.75,1.01,0,0.29,3.05,72,16,71,16,982,4
1564,15,14,1,6,1.91,0.84,0,0.29,3.04,75,42,65,32,546,4
1758,15,18,8,43,1.94,0.84,0.03,0.24,3.04,93,74,49,3725,117,6
1364,9,16,2,150,1.29,1.21,0.06,0.47,3.03,87,107,68,2759,728,6
2620,15,14,1,175,1.94,0.79,0.02,0.28,3.03,81,75,72,307,1035,6
3354,16,8,1,182,1.85,1.04,0,0.13,3.02,93,46,76,121,994,7
1025,10,19,11,43,0.61,1.85,0.11,0.44,3.01,87,26,54,616,273,3
1509,9,15,9,150,1.4,1.06,0.08,0.47,3.01,91,94,72,1505,391,6
1005,15,18,9,182,1.38,1.32,0.02,0.28,3,91,39,77,1247,994,6
916,13,16,5,38,2.04,0.63,0.12,0.22,3,73,78,61,131,486,3
2056,15,18,11,167,2.6,0.2,0.01,0.19,3,88,41,63,131,1029,3
796,8,13,3,16,1.15,0,0.76,1.09,3,73,24,83,173,874,7
3263,6,6,4,43,1.67,1.18,0,0.13,2.99,82,23,57,20,569,7
3620,8,8,11,91,0.12,1.26,1.16,0.45,2.99,93,24,82,65,502,3
683,8,7,1,26,1.36,0.86,0.64,0.13,2.99,94,37,76,466,165,6
2958,6,17,8,43,1.58,1.01,0,0.38,2.96,85,73,50,2748,542,7
1851,10,20,1,193,1.01,1.43,0.05,0.47,2.96,84,85,72,1886,597,6
2830,8,9,5,148,1.04,1.37,0.06,0.49,2.96,64,29,69,94,860,3
1379,8,8,1,42,1.36,1.15,0.04,0.41,2.96,85,19,69,78,469,6
3328,17,20,9,43,1.84,0.8,0.04,0.27,2.95,86,68,55,2658,765,6
239,9,16,9,43,1.33,1.1,0.08,0.44,2.95,88,59,76,572,278,6
2802,8,9,9,150,2.22,0.51,0.06,0.15,2.94,87,42,81,93,1064,6
2280,4,7,6,16,2.07,0.77,0.05,0.05,2.94,79,13,69,4,564,3
2979,15,15,3,26,1.82,0.7,0.15,0.26,2.94,93,77,64,292,165,7
1427,9,15,1,150,1.76,0.68,0.12,0.37,2.93,85,98,74,1172,897,7
1545,3,14,5,117,1.55,0.04,1.19,0.15,2.92,76,40,79,76,400,3
405,17,19,9,6,1.88,0.77,0,0.27,2.92,78,7,34,700,457,6
1756,15,13,8,103,1.83,0.79,0.03,0.27,2.91,91,74,78,1692,117,6
2833,8,10,4,148,1.54,1.14,0,0.22,2.9,73,21,77,30,860,3
3621,8,9,11,91,0.08,1.24,1.13,0.45,2.9,93,28,81,45,502,3
2665,15,14,11,148,1.75,0.86,0,0.28,2.89,67,45,59,18,898,4
1387,8,7,11,150,0.99,0.32,1.38,0.2,2.89,85,30,80,16,187,3
519,13,13,10,2,1.41,1.12,0.05,0.3,2.89,61,37,44,23,662,3
404,8,10,9,6,1.51,1.12,0.01,0.24,2.89,76,49,68,69,866,7
3542,13,12,6,117,0.86,1.04,0.73,0.26,2.89,83,61,65,179,463,4
1679,15,18,11,43,2.53,0.15,0,0.17,2.86,81,36,49,179,291,3
3150,16,8,8,182,2.09,0.63,0.03,0.11,2.86,87,34,78,111,106,7
163,10,19,1,182,1.07,1.31,0.06,0.42,2.85,83,29,69,1530,987,6
1924,9,17,3,193,1.98,0.53,0,0.34,2.84,84,60,75,494,625,6
1676,15,15,11,43,2.52,0.09,0,0.22,2.83,85,58,52,90,291,3
271,15,13,9,167,1.65,0.85,0.05,0.28,2.83,96,88,80,2249,477,6
1837,5,8,9,117,1.96,0.67,0.1,0.09,2.82,97,70,84,747,766,7
167,9,16,1,182,1.87,0.55,0.11,0.29,2.82,90,59,73,791,994,6
1770,9,16,9,43,1.28,1.04,0.07,0.42,2.81,75,56,66,286,279,6
1429,10,20,1,150,1.28,0.98,0.07,0.46,2.79,80,90,70,2944,897,7
2092,8,7,11,43,2.19,0.22,0,0.38,2.79,89,22,77,39,657,3
1451,8,9,5,150,1.68,0.74,0,0.36,2.78,87,47,73,241,616,7
2130,9,16,7,43,1.05,1.23,0.03,0.47,2.78,89,59,63,301,215,4
2776,13,17,1,6,1.35,1.13,0,0.3,2.78,81,11,47,31,969,4
236,6,17,9,43,0.89,1.43,0,0.46,2.78,89,61,66,4926,278,6
1926,10,21,3,193,1.5,0.8,0,0.48,2.78,83,81,68,836,1040,6
3243,8,9,10,43,1.41,1.12,0,0.24,2.77,83,33,68,46,297,7
1510,9,17,9,150,1.45,0.86,0.09,0.38,2.77,84,85,70,942,391,6
2956,15,14,1,94,1.74,0.77,0,0.26,2.77,73,74,58,389,541,7
3691,3,12,5,117,1.45,0.07,1.1,0.15,2.76,81,42,65,67,75,3
2622,15,17,1,175,1.25,1.14,0.07,0.3,2.76,84,70,67,490,1035,6
3096,9,15,3,112,1.2,0.97,0.17,0.42,2.75,79,63,65,211,609,7
2822,13,13,5,148,1.21,1.19,0.04,0.29,2.73,69,44,57,174,860,3
3200,4,8,1,117,1.75,0.52,0.33,0.1,2.7,95,30,82,314,165,3
2259,8,7,1,189,0.99,0.48,1.09,0.14,2.7,86,23,73,56,165,6
1567,15,17,2,167,1.52,0.92,0.02,0.24,2.7,89,83,69,893,928,6
398,15,12,9,6,1.49,0.92,0.02,0.27,2.7,82,71,56,233,973,7
1678,15,17,11,43,2.42,0.11,0,0.16,2.69,78,55,50,94,291,3
1604,8,12,1,94,1.85,0.64,0.01,0.19,2.69,84,32,81,41,971,4
1513,10,19,9,150,0.89,1.33,0.08,0.39,2.69,73,88,59,2102,391,6
1677,15,16,11,43,2.38,0.12,0,0.18,2.69,84,47,48,120,291,3
374,8,10,7,43,1.23,1.11,0,0.34,2.68,93,52,82,271,215,7
1746,3,16,6,117,1.63,0.51,0.35,0.18,2.67,79,51,68,18,639,3
2414,3,15,6,117,0.28,1.39,0.68,0.32,2.67,83,58,78,52,529,4
397,8,11,9,6,1.48,0.92,0.01,0.26,2.67,77,39,73,69,973,7
1770,7,4,9,43,1.44,1.09,0,0.14,2.67,92,17,77,80,270,7
983,16,10,8,103,1.99,0.58,0,0.09,2.66,85,87,76,268,109,6
1301,15,14,4,6,1.78,0.63,0,0.25,2.66,85,67,54,171,628,7
1028,17,22,11,43,0.43,2.05,0,0.17,2.65,84,50,46,201,290,3
3354,8,9,1,182,1.15,1.11,0,0.4,2.65,89,24,68,102,1001,7
2137,9,15,7,43,0.69,1.4,0.04,0.52,2.65,84,55,60,113,851,3
1772,11,12,9,43,0.86,1.11,0.01,0.66,2.65,71,24,70,47,929,7
1088,9,17,8,158,0.78,0.73,0.89,0.23,2.63,79,53,57,707,878,7
1857,8,6,7,167,2,0.47,0.02,0.14,2.63,78,18,69,21,52,7
2768,15,16,11,43,1.47,0.93,0,0.24,2.63,80,65,71,127,271,7
924,8,10,11,148,2.15,0.12,0,0.36,2.62,90,37,73,84,1029,3
1318,15,15,12,103,1.54,0.8,0.04,0.24,2.62,82,92,63,454,309,7
2055,15,17,11,167,2.31,0.14,0.01,0.16,2.62,90,42,68,134,1029,3
1035,15,15,11,43,0.59,1.79,0.01,0.23,2.62,90,63,66,133,287,3
1770,15,16,9,43,1.56,0.8,0.04,0.21,2.61,74,71,58,288,247,6
1327,8,8,1,43,0.9,1.22,0.04,0.44,2.61,71,16,67,49,305,3
1218,9,15,1,150,1.7,0.44,0.06,0.4,2.6,91,50,78,529,141,6
2088,8,10,11,43,2.03,0.21,0,0.35,2.59,84,21,72,44,273,3
1738,13,13,11,117,1.05,1.05,0.24,0.24,2.58,79,47,71,124,634,4
1033,9,14,11,43,0.48,1.63,0.04,0.43,2.58,87,42,66,108,273,3
2992,3,14,10,117,0.62,0.82,0.96,0.18,2.58,73,4,68,7,910,3
3651,8,12,3,175,1.4,0.88,0.03,0.26,2.58,80,27,77,57,1057,7
1606,15,13,1,94,1.53,0.81,0,0.24,2.57,80,24,65,114,971,4
1673,8,13,11,43,2.14,0.08,0,0.35,2.57,78,11,69,17,291,3
1909,11,13,8,26,0.37,0.27,1.75,0.18,2.57,72,38,78,83,165,7
2819,5,7,5,148,1.7,0.59,0.21,0.07,2.56,73,28,74,179,860,3
1679,9,18,11,43,2.11,0.22,0,0.23,2.56,83,22,46,101,291,3
787,15,15,8,43,1.76,0.55,0.03,0.22,2.56,86,68,70,725,117,6
2359,5,9,8,117,1.21,0.57,0.7,0.07,2.54,73,37,71,89,375,3
1625,11,15,5,150,0.64,1.22,0.01,0.67,2.54,87,68,69,98,805,4
1674,15,14,11,43,2.21,0.12,0,0.2,2.53,83,50,61,125,291,3
542,8,7,7,3,1.13,1.12,0.06,0.22,2.52,80,15,70,46,28,7
153,3,16,4,117,0.26,1.65,0.33,0.28,2.52,75,15,71,5,409,3
2057,15,19,11,167,2.1,0.19,0,0.23,2.52,87,23,40,150,1029,3
2773,13,18,1,6,1.48,0.83,0,0.21,2.52,78,8,61,20,969,4
657,13,14,11,91,1.11,0.85,0.29,0.25,2.5,50,23,45,16,168,3
1754,15,12,8,6,2.29,0.02,0,0.19,2.5,82,68,66,120,738,7
1928,8,8,3,105,1.81,0.52,0,0.15,2.49,79,31,79,96,585,6
1182,13,13,4,105,1.47,0.77,0,0.24,2.48,25,8,34,26,585,3
309,10,21,1,150,1.03,0.81,0.26,0.38,2.48,92,100,77,6383,346,6
1725,5,8,4,117,1.13,0.36,0.92,0.07,2.47,70,26,65,74,428,3
2428,15,14,7,38,1.38,0.84,0,0.25,2.47,85,55,68,83,125,3
2566,15,23,4,43,1.93,0.33,0,0.21,2.47,92,72,73,178,405,7
2056,9,18,11,167,1.73,0.43,0.05,0.27,2.47,90,26,71,99,1029,3
2622,9,17,1,175,0.86,1.04,0.18,0.38,2.47,82,50,68,384,1035,6
2522,9,14,9,150,1.15,0.84,0.1,0.38,2.46,87,79,52,1889,462,6
2058,10,20,11,167,1.47,0.54,0.01,0.43,2.45,83,50,61,291,1029,3
1070,7,3,8,160,0.93,0.12,1.34,0.06,2.45,83,12,73,190,883,7
1856,9,14,7,167,1.56,0.53,0.05,0.31,2.45,82,50,73,100,776,7
3260,8,9,10,43,1.07,1.19,0,0.18,2.43,81,26,75,42,569,7
1594,13,16,1,193,1.28,0.93,0,0.22,2.43,79,13,71,34,971,4
406,17,22,9,6,1.46,0.74,0,0.22,2.42,78,17,22,290,457,6
1681,17,21,11,43,2.08,0.08,0,0.26,2.42,84,23,52,124,287,3
3353,15,14,9,182,1.56,0.6,0.02,0.23,2.42,82,66,69,176,994,6
2124,11,12,7,43,0.87,0.97,0,0.58,2.42,73,14,70,39,273,4
792,8,9,3,16,1.63,0.22,0.51,0.06,2.41,66,28,73,92,257,7
2401,9,16,11,91,0.29,1.17,0.54,0.41,2.41,77,40,59,85,513,3
185,8,7,7,150,2.07,0.26,0,0.08,2.41,82,16,75,53,733,3
2136,8,13,7,43,0.69,0,0.04,1.68,2.41,62,11,53,34,121,4
1320,15,17,9,103,1.44,0.7,0.04,0.22,2.4,82,73,72,487,10,6
1287,8,11,4,138,1.67,0.61,0.03,0.07,2.38,91,65,78,173,405,7
1677,9,16,11,43,2.04,0.15,0,0.2,2.38,83,36,52,68,291,3
622,15,17,1,36,1.48,0.69,0,0.2,2.37,71,75,60,627,933,6
1310,6,10,9,190,2.28,0.02,0.08,0,2.37,96,81,82,8665,1013,6
3174,8,10,1,175,0.96,1.08,0.04,0.3,2.37,62,36,67,22,410,7
1673,15,13,11,43,2.18,0.01,0,0.18,2.37,85,46,55,108,291,3
3381,8,10,11,6,1.25,0.86,0.01,0.26,2.37,83,59,79,55,628,7
3717,15,16,11,2,1.74,0.45,0,0.18,2.37,42,10,46,16,693,3
1676,9,15,11,43,2.03,0.13,0,0.21,2.37,85,41,59,58,291,3
1856,15,14,7,167,1.68,0.45,0.01,0.21,2.35,81,66,76,142,776,7
1521,15,17,4,103,1.73,0.43,0.02,0.17,2.35,73,33,20,67,347,4
3650,8,13,3,175,0.92,0,0.01,1.41,2.34,71,11,63,31,1057,7
3202,1,21,1,117,1.15,0.55,0.47,0.17,2.34,89,82,81,478,387,4
1597,13,23,1,94,1.51,0.61,0,0.21,2.34,78,22,57,28,971,4
2504,8,7,1,26,1.08,0.7,0.34,0.21,2.34,84,21,75,189,165,6
2059,17,21,11,167,1.95,0.15,0,0.24,2.34,86,14,53,115,1029,4
1519,15,17,11,103,1.38,0.72,0.02,0.22,2.34,66,46,56,39,735,3
1455,8,10,9,43,0.85,1.06,0.09,0.32,2.31,84,42,82,51,283,7
2129,7,5,7,43,1.58,0.64,0,0.09,2.31,86,14,76,28,273,3
1280,6,18,1,114,0.96,1.07,0,0.27,2.31,90,69,70,2954,60,7
2292,1,18,8,117,1.12,0.41,0.64,0.14,2.3,75,69,47,382,463,3
220,9,19,1,193,1.07,0.8,0.04,0.38,2.29,76,46,68,668,1043,7
1606,9,13,1,94,1.02,0.9,0,0.36,2.29,80,18,58,87,971,4
2127,16,10,7,43,1.38,0.8,0,0.1,2.28,77,35,78,27,273,3
2400,9,15,11,91,0.3,1.27,0.46,0.26,2.28,78,42,58,76,513,3
1033,8,14,11,43,0.38,0.07,0.01,1.82,2.28,82,8,60,20,273,3
1594,3,16,1,193,1.07,0.99,0,0.22,2.28,72,7,63,6,982,4
3251,15,16,10,43,1.27,0.81,0,0.2,2.28,76,42,62,71,951,7
2369,3,14,8,117,0.94,0.53,0.62,0.18,2.28,68,24,73,27,401,3
622,9,17,1,36,1.08,0.73,0.15,0.31,2.27,71,41,57,405,933,6
1548,4,8,5,117,1.22,0.1,0.91,0.04,2.27,81,24,80,54,400,3
3538,4,7,5,117,0.9,0.73,0.54,0.09,2.26,88,17,80,42,639,3
2814,9,15,4,148,1.34,0.6,0,0.31,2.26,80,35,77,43,93,4
1010,10,22,1,182,0.6,1.25,0.06,0.35,2.26,76,91,54,635,994,6
233,17,22,9,43,1.28,0.77,0,0.2,2.25,87,37,73,440,278,6
2254,8,8,2,26,0.62,0.44,1.06,0.13,2.25,84,31,81,52,165,6
2293,5,10,8,117,1.48,0.25,0.46,0.06,2.25,87,55,85,306,463,3
1678,9,17,11,43,1.93,0.15,0,0.17,2.25,79,31,46,56,291,3
1221,9,19,1,150,1.23,0.63,0.04,0.35,2.25,80,89,66,914,803,6
1291,9,13,4,6,1.4,0.53,0.02,0.3,2.24,83,45,69,52,628,7
2815,4,7,5,148,1.19,0.71,0.22,0.13,2.24,87,22,72,48,860,3
3024,13,12,4,148,1.05,0.91,0.04,0.24,2.24,74,53,48,72,823,3
398,13,23,9,6,1.17,0.84,0,0.23,2.24,69,42,58,61,322,7
2148,14,19,5,117,1.25,0.62,0.18,0.18,2.24,77,59,70,288,639,3
2907,4,7,5,190,1.29,0.83,0,0.11,2.23,74,16,71,13,249,3
752,11,14,3,158,0.51,0.5,0.91,0.31,2.23,79,61,71,139,878,7
1688,15,19,11,43,1.98,0.06,0,0.19,2.23,80,32,47,136,287,3
334,9,18,9,167,1.05,0.72,0.1,0.35,2.23,91,25,73,858,371,6
2393,8,9,1,182,0.88,1.03,0,0.31,2.22,92,44,79,204,987,7
1911,13,15,8,117,0.65,0.4,1.05,0.11,2.22,84,70,77,219,165,7
1601,15,19,1,193,1.24,0.79,0,0.19,2.22,80,37,67,127,983,4
3351,10,21,9,182,0.55,1.19,0.14,0.33,2.21,73,40,64,480,994,6
2956,9,14,1,94,1.01,0.85,0,0.35,2.21,71,47,57,233,541,7
1290,15,13,4,6,2.01,0.02,0,0.17,2.2,92,55,72,220,405,7
1139,17,19,7,103,1.21,0.79,0.01,0.19,2.2,79,76,50,1095,984,3
2567,15,14,4,43,1.78,0.24,0,0.18,2.2,92,69,74,156,405,7
2130,15,16,7,43,1.03,0.96,0,0.21,2.2,88,73,61,206,215,4
1597,3,14,1,6,1.4,0.59,0,0.2,2.2,80,15,70,16,982,3
272,15,16,9,167,1.45,0.54,0.02,0.19,2.2,88,93,73,573,7,6
2950,16,9,8,6,1.68,0.44,0,0.08,2.19,94,72,83,317,117,7
1680,10,20,11,43,1.54,0.25,0,0.4,2.19,81,37,52,208,287,3
2403,9,17,1,91,0.34,0.96,0.55,0.33,2.19,80,41,57,132,513,3
2619,15,12,1,175,1.17,0.77,0.02,0.22,2.18,81,74,66,211,1035,6
186,8,8,7,175,1.92,0.2,0,0.06,2.18,82,26,80,28,733,3
1026,17,20,11,43,0.6,1.42,0,0.16,2.18,82,33,45,347,287,3
3362,17,22,9,182,1.29,0.68,0,0.2,2.16,80,33,60,614,565,6
1087,15,16,8,158,1.28,0.67,0.01,0.21,2.16,82,54,54,539,878,7
3262,6,7,10,43,1.23,0.83,0,0.1,2.16,74,17,70,30,569,7
2649,3,15,6,193,1.67,0.3,0.02,0.18,2.16,79,72,67,110,20,4
2841,13,14,5,148,1.26,0.67,0.02,0.21,2.16,66,30,64,136,860,4
2367,3,12,8,117,1.28,0.03,0.73,0.12,2.15,69,21,67,50,400,3
2277,10,22,9,6,0.81,0.85,0.15,0.33,2.14,90,31,52,1358,130,7
1380,9,18,1,158,0.59,1.05,0.07,0.44,2.14,83,30,66,511,469,6
409,11,13,9,6,0.52,1.02,0,0.59,2.13,64,45,66,30,46,7
573,8,10,10,91,1.04,0.81,0,0.27,2.13,77,26,81,20,502,3
1072,4,9,8,160,0.82,0.37,0.89,0.05,2.13,87,44,69,212,878,3
3697,13,15,11,182,1.49,0.46,0,0.18,2.12,62,5,43,54,987,3
2419,16,7,7,103,1.37,0.61,0.05,0.09,2.12,85,35,73,28,120,3
2055,9,17,11,167,1.62,0.26,0.05,0.18,2.11,90,38,58,127,1029,3
2131,8,8,7,43,1.68,0.31,0.02,0.09,2.11,89,31,76,92,121,3
865,8,9,1,170,0.63,0.21,1.13,0.13,2.11,78,24,84,201,663,7
2057,9,19,11,167,1.44,0.31,0.04,0.32,2.11,84,26,40,142,1029,3
2296,7,4,8,160,0.94,0.07,1.05,0.04,2.1,81,17,80,89,883,6
3118,3,12,6,117,0.63,0.05,1.35,0.08,2.1,84,56,78,44,639,3
240,10,21,9,43,0.71,0.94,0.14,0.32,2.1,73,46,41,845,1028,6
1924,15,17,3,193,1.63,0.31,0,0.16,2.1,86,66,74,382,625,6
333,9,15,9,167,1.2,0.6,0,0.29,2.09,83,58,70,427,371,6
685,8,11,1,26,0.99,0.63,0.29,0.19,2.09,84,60,81,212,165,6
2054,15,16,1,167,1.84,0.12,0.01,0.13,2.09,89,50,72,100,1029,3
858,10,21,1,193,0.96,0.67,0.12,0.34,2.09,74,58,70,1287,933,6
635,15,12,1,26,1.16,0.64,0.08,0.2,2.08,85,82,67,520,165,6
3609,6,16,8,6,1.77,0.32,0,0,2.08,90,53,47,953,130,7
3120,8,8,6,175,1.11,0.71,0,0.27,2.08,44,7,53,11,136,3
1065,3,12,8,158,0.89,0.04,1.07,0.09,2.08,77,45,62,136,566,4
1726,5,9,4,117,0.97,0.33,0.73,0.06,2.08,69,33,73,57,428,3
2566,13,23,4,109,1.33,0.56,0,0.2,2.08,80,21,54,37,405,7
2378,15,17,9,188,1.41,0.49,0.01,0.17,2.08,95,66,76,997,1013,4
1737,13,16,11,117,0.88,0.44,0.63,0.12,2.08,64,54,62,34,878,3
2133,11,11,7,43,1.77,0.12,0.02,0.17,2.07,72,21,69,54,273,4
3250,3,12,10,43,0.92,0.93,0,0.22,2.07,49,5,43,24,350,3
583,13,13,10,91,1.35,0.52,0,0.19,2.07,73,16,62,27,513,4
840,10,20,7,150,0.36,1.38,0.02,0.31,2.07,71,85,52,1571,321,3
3450,15,15,3,175,1.48,0.39,0,0.19,2.06,83,68,70,51,1057,7
1822,11,16,1,91,0.46,0.41,0.96,0.24,2.06,89,66,80,443,511,7
2448,7,4,7,112,0.68,0.46,0.79,0.13,2.06,88,18,83,21,608,1
1533,11,16,8,158,0.63,0.41,0.75,0.26,2.06,82,62,77,208,878,4
2847,8,9,3,112,1.06,0.62,0.13,0.25,2.06,92,41,79,120,608,7
2136,15,13,7,43,1.04,0.79,0.01,0.21,2.05,72,42,62,78,271,4
2832,5,8,4,80,1.47,0.48,0.05,0.06,2.05,75,26,79,41,860,3
2139,9,14,7,43,0.63,1,0.05,0.38,2.05,59,40,50,71,293,7
2808,8,12,9,150,1.74,0.02,0,0.28,2.04,72,38,81,34,1064,7
2315,8,11,1,182,0.71,1.02,0,0.31,2.04,82,41,73,68,993,7
2136,9,13,7,43,0.73,0.91,0.04,0.36,2.04,73,26,51,43,271,4
767,4,9,5,117,1.2,0.48,0.29,0.07,2.04,78,26,80,53,734,3
570,15,17,4,103,1.45,0.41,0.01,0.16,2.04,86,56,73,63,405,7
423,3,14,4,167,1.21,0.63,0,0.19,2.03,48,11,24,4,171,3
2087,8,9,11,43,1.57,0.18,0,0.27,2.03,86,19,68,41,287,3
396,15,11,9,6,1.82,0.04,0.01,0.16,2.03,89,65,72,307,457,7
2481,13,14,4,182,0.72,1.08,0,0.23,2.03,73,24,68,29,996,4
2363,3,11,8,117,1.15,0.04,0.83,0,2.02,62,34,72,97,181,3
599,9,17,8,112,0.75,0.51,0.54,0.22,2.02,89,54,78,1397,346,6
1488,15,17,4,182,1.47,0.39,0,0.16,2.02,70,34,68,17,987,4
237,17,19,9,43,1.25,0.58,0,0.19,2.02,81,5,57,480,278,6
1095,1,18,8,117,0.9,0.45,0.54,0.13,2.01,92,72,82,1130,463,7
2138,9,17,1,43,0.58,1.04,0.03,0.36,2.01,64,48,55,182,121,7
786,10,20,8,43,0.73,0.88,0.08,0.32,2.01,89,43,65,1984,117,6
640,9,14,1,43,1.05,0.66,0,0.29,2,88,67,79,545,283,6
1925,9,14,3,105,1.48,0.28,0,0.23,2,76,44,62,107,585,7
3401,3,13,6,105,0.48,1.27,0,0.24,2,71,19,48,9,588,4
3105,7,3,1,6,0.95,0.64,0.27,0.13,1.99,87,14,79,45,30,6
1327,4,8,1,43,1.21,0.64,0.05,0.09,1.99,76,11,70,14,318,3
1528,3,15,8,158,1.06,0.26,0.53,0.13,1.98,75,53,69,162,398,4
2768,9,16,11,43,0.79,0.88,0,0.32,1.98,80,46,67,82,271,7
2125,10,19,7,43,0.73,0.92,0.03,0.3,1.98,80,53,53,667,378,4
2906,8,8,5,184,0.74,0.95,0,0.28,1.97,56,20,32,95,179,3
684,8,9,1,26,0.71,0.58,0.51,0.17,1.97,68,40,57,167,165,6
1388,11,10,11,150,0.5,0.5,0.63,0.33,1.96,81,57,78,34,187,4
1132,15,18,7,103,0.82,0.93,0.04,0.18,1.96,85,83,75,431,702,7
3352,15,12,9,182,1.09,0.65,0.02,0.2,1.95,88,69,74,225,994,6
536,8,9,7,190,0.74,1.01,0,0.2,1.95,69,24,68,59,1020,3
2508,15,18,9,26,1.12,0.6,0.07,0.16,1.95,67,71,41,1407,165,6
1255,16,11,1,167,1.26,0.61,0,0.09,1.95,93,58,77,118,775,2
2095,8,9,11,43,1.69,0.2,0,0.06,1.95,90,31,79,70,305,3
663,8,9,3,43,0.95,0.74,0,0.25,1.94,80,33,80,41,39,7
1544,3,12,5,117,0.78,0.02,1.05,0.08,1.94,71,29,72,41,337,3
377,9,14,7,43,1.01,0.62,0.02,0.29,1.94,87,55,68,455,215,4
3251,9,16,10,43,0.73,0.89,0.02,0.3,1.94,78,39,55,55,951,7
1033,15,14,11,43,0.49,1.26,0.01,0.18,1.94,87,51,71,106,273,3
793,8,10,3,16,1.09,0.15,0.65,0.04,1.94,77,32,80,137,257,7
410,13,14,9,6,1.17,0.58,0,0.18,1.94,83,19,67,78,322,6
3337,8,8,9,182,1.42,0.4,0,0.12,1.94,63,18,74,22,987,6
273,15,19,9,167,1.22,0.54,0.02,0.16,1.93,93,33,76,1647,476,6
3663,8,10,8,6,1,0.72,0,0.21,1.93,79,48,76,69,738,7
1925,15,14,3,105,1.53,0.23,0,0.16,1.93,72,61,66,87,585,7
675,10,21,9,6,0.78,0.79,0.04,0.31,1.93,86,81,51,1079,158,7
2493,8,7,9,175,0.76,0.96,0,0.2,1.92,88,25,71,69,1035,6
3264,6,9,10,43,1.03,0.8,0,0.09,1.92,80,22,77,31,569,7
1733,1,19,4,117,0.62,0.64,0.55,0.11,1.92,57,47,54,117,645,3
1966,8,10,7,175,0.94,0.73,0,0.25,1.92,80,18,83,46,733,3
2294,7,2,4,150,0.26,0.16,1.46,0.03,1.92,92,15,65,48,613,5
1301,9,14,4,6,1.1,0.55,0,0.27,1.92,84,43,66,80,628,7
2137,15,15,7,43,0.73,0.96,0.01,0.22,1.91,83,75,56,134,851,3
692,9,19,8,6,0.72,0.75,0.15,0.29,1.91,86,43,55,557,130,6
1627,10,20,5,150,0.66,0.93,0.01,0.31,1.91,79,78,62,506,898,3
2938,5,7,10,94,1.03,0.75,0.03,0.09,1.9,90,45,77,80,326,7
1739,13,14,11,117,1.48,0,0.29,0.12,1.89,69,31,69,58,609,3
1901,13,14,4,43,0.86,0.83,0,0.2,1.89,70,11,69,17,305,3
1674,9,14,11,43,1.56,0.14,0,0.18,1.88,85,38,35,132,291,3
220,15,19,1,193,1.15,0.56,0,0.17,1.88,74,46,66,685,1043,7
1183,13,14,4,105,1.28,0.43,0,0.17,1.88,29,7,37,7,585,3
1929,8,10,3,105,0.92,0.72,0,0.24,1.88,81,43,76,90,585,6
2060,10,22,11,167,1.25,0.27,0.02,0.34,1.88,88,47,58,162,1029,3
3404,13,15,4,38,1.04,0.66,0,0.18,1.88,49,15,57,13,683,3
2916,5,8,2,117,0.96,0.53,0.3,0.09,1.87,82,39,68,145,734,7
1688,9,19,11,43,1.6,0.03,0,0.24,1.87,76,19,32,91,287,3
863,8,7,1,175,0.53,0.16,1.07,0.1,1.87,78,17,82,90,663,7
1671,16,11,11,43,1.75,0.03,0,0.08,1.86,86,39,58,41,287,3
2723,8,10,5,6,1.12,0.69,0.03,0.02,1.86,71,32,76,24,546,3
3190,7,5,8,150,0.94,0.44,0.39,0.1,1.86,74,12,75,248,816,7
2956,13,14,1,94,1.11,0.56,0,0.18,1.86,71,18,70,75,515,7
2085,8,7,11,43,0.91,0.71,0,0.24,1.86,70,16,65,8,305,3
1482,10,21,1,158,0.47,1.03,0.07,0.28,1.86,73,42,56,403,89,6
465,7,5,8,160,0.62,0.42,0.69,0.12,1.86,94,16,72,297,883,7
1448,8,10,5,150,1.33,0.49,0,0.03,1.85,84,55,77,246,616,7
1534,4,10,8,158,1.26,0.18,0.35,0.06,1.85,76,37,70,84,487,3
1763,9,18,9,167,0.59,0.89,0.06,0.3,1.85,87,31,69,790,777,6
1601,9,19,1,193,0.77,0.76,0.01,0.29,1.84,82,22,70,76,983,4
2326,3,15,1,38,1.32,0.37,0,0.15,1.84,80,4,36,8,43,3
2102,8,11,11,43,1.53,0.05,0,0.25,1.84,87,25,76,36,287,3
2480,13,13,4,182,0.82,0.82,0,0.2,1.83,67,25,74,66,993,4
1550,1,20,5,117,0.61,0.34,0.79,0.09,1.83,80,68,79,206,400,3
2826,3,16,5,148,0.92,0.73,0,0.17,1.83,70,24,66,28,212,3
1428,9,17,1,150,1.05,0.47,0.08,0.22,1.82,83,90,75,932,897,7
3611,6,18,8,6,0.84,0.76,0,0.22,1.82,82,42,39,1265,130,7
1989,8,7,4,112,1.73,0.07,0,0.02,1.82,72,9,51,5,564,3
3261,6,7,10,43,1.81,0,0,0,1.82,85,17,70,70,569,7
670,9,15,8,112,0.97,0.33,0.35,0.17,1.82,89,81,80,1441,346,6
3227,15,13,9,43,1.09,0.53,0.02,0.17,1.82,96,54,80,797,1013,6
619,8,9,10,91,1.05,0.59,0,0.18,1.81,82,27,73,11,513,3
3513,8,8,3,148,0.78,0.44,0.56,0.04,1.81,94,36,71,84,824,7
1693,10,22,1,167,0.42,1.08,0.03,0.28,1.81,68,66,42,1147,403,6
2781,8,10,5,150,0.88,0.69,0,0.23,1.81,88,64,81,178,897,3
2816,4,8,5,148,0.93,0.59,0.21,0.07,1.8,83,23,74,46,257,3
1672,15,12,11,43,1.66,0,0.01,0.13,1.8,80,54,51,148,291,3
2054,9,16,1,167,1.41,0.2,0.03,0.16,1.8,89,46,67,105,1029,3
1140,17,21,7,103,0.73,0.9,0.03,0.14,1.8,87,85,70,863,984,3
3154,10,20,1,20,0.55,0.86,0.11,0.27,1.79,75,65,64,1223,920,6
1839,13,13,9,117,0.89,0.74,0.07,0.09,1.79,90,62,80,491,766,7
1854,8,9,7,167,1.25,0.29,0,0.24,1.78,85,41,76,47,776,7
3159,8,10,1,150,0.39,1.01,0.02,0.36,1.78,57,53,67,47,814,6
24,8,11,1,190,0.85,0.76,0,0.16,1.77,47,21,57,129,377,6
627,16,7,3,103,1.19,0.29,0.24,0.06,1.77,87,35,77,44,930,7
824,3,12,8,158,0.23,0.02,1.49,0.02,1.76,75,30,65,27,966,4
1605,13,17,1,94,1.01,0.6,0,0.15,1.76,76,7,68,10,971,4
3450,9,15,3,175,1.07,0.44,0.01,0.24,1.76,84,58,72,47,953,7
3272,8,10,5,175,1.06,0.54,0,0.16,1.76,75,5,81,54,410,3
1231,4,7,8,117,0.93,0.38,0.4,0.06,1.76,91,29,84,198,164,3
664,8,10,3,43,0.86,0.67,0,0.22,1.76,83,46,80,73,39,6
3337,16,8,9,182,1.23,0.46,0,0.07,1.76,84,29,52,27,753,6
2963,8,8,1,167,0.86,0.67,0,0.22,1.76,71,34,48,33,1027,6
3279,8,10,10,43,0.52,0.95,0,0.29,1.76,70,25,73,24,569,7
2954,8,7,10,6,0.61,0.87,0.02,0.26,1.76,84,25,71,21,541,7
2943,16,10,9,6,1.24,0.45,0,0.07,1.75,80,55,82,57,680,7
1682,10,22,11,43,1.25,0.17,0,0.32,1.75,82,35,40,83,287,3
1481,9,16,1,158,0.45,0.92,0.06,0.32,1.75,83,66,71,291,89,6
1032,9,13,11,43,0.35,1.06,0.02,0.31,1.75,81,28,62,47,273,3
526,15,13,9,103,1,0.53,0.03,0.18,1.75,83,75,71,340,747,6
3571,14,19,4,117,0.3,0.56,0.84,0.05,1.75,65,38,59,135,620,3
582,8,14,10,91,0.85,0.66,0.01,0.22,1.75,55,6,53,6,513,4
3677,8,8,8,112,0.63,0.49,0.45,0.17,1.74,83,35,78,99,598,7
1520,15,18,1,103,1.05,0.52,0.03,0.14,1.74,55,61,26,145,941,7
784,9,18,8,26,0.41,0.44,0.72,0.17,1.74,78,38,74,444,165,6
3228,10,21,9,150,0.61,0.78,0.06,0.27,1.74,63,94,57,3172,743,6
2914,8,7,11,43,0.85,0.66,0,0.22,1.73,92,33,80,71,273,3
1554,10,19,5,152,0.43,0.68,0.42,0.2,1.73,54,83,56,1074,801,4
828,3,16,8,117,0.2,0.14,1.35,0.03,1.73,78,41,72,31,70,7
533,4,8,5,184,0.95,0.7,0,0.08,1.73,78,18,70,27,1020,3
1380,15,18,1,158,0.68,0.88,0.01,0.17,1.73,79,51,62,453,469,6
3142,10,20,7,182,0.35,1.08,0.03,0.26,1.72,61,60,45,575,999,7
2058,17,20,11,167,1.37,0.18,0,0.18,1.72,82,9,54,101,1029,3
1687,16,10,11,43,1.61,0.03,0,0.08,1.72,91,39,67,26,291,3
2925,8,9,8,182,0.8,0.21,0.55,0.15,1.72,80,55,68,134,976,7
408,6,17,9,6,0.41,0.98,0,0.32,1.72,78,26,16,5664,458,6
725,15,18,1,20,1.06,0.5,0.01,0.14,1.71,88,56,70,815,63,6
3128,13,15,4,109,1.17,0.39,0,0.15,1.71,89,25,80,43,405,7
35,8,10,10,152,0.88,0.34,0.32,0.18,1.71,84,57,82,81,608,7
2126,16,9,7,43,1.09,0.55,0,0.07,1.71,83,25,78,35,305,3
651,3,13,4,107,1.15,0.4,0,0.15,1.7,20,13,10,41,69,3
2378,9,17,9,187,0.83,0.6,0.02,0.24,1.7,95,54,75,937,1013,4
2103,8,12,11,43,1.41,0.05,0,0.23,1.7,87,18,77,23,287,3
3254,6,16,10,43,0.59,0.87,0,0.23,1.7,74,17,44,77,951,7
2223,10,22,1,69,0.63,0.76,0.03,0.27,1.7,71,94,36,5096,413,7
2800,8,11,9,150,1.22,0.34,0.04,0.1,1.69,82,59,79,64,1064,6
273,9,19,9,167,0.72,0.65,0.04,0.28,1.69,94,27,76,1863,476,6
1334,4,7,1,43,0.87,0.66,0.08,0.08,1.69,64,8,62,7,389,3
809,4,8,8,80,1.52,0.12,0,0.05,1.69,53,15,60,28,1045,3
2506,5,11,1,26,0.98,0.42,0.22,0.06,1.69,96,82,85,767,165,6
2139,15,14,7,43,0.79,0.7,0.01,0.18,1.68,64,62,50,104,293,7
2827,13,16,5,148,0.92,0.6,0.01,0.15,1.68,78,58,76,301,860,3
2620,9,14,1,175,0.88,0.54,0.02,0.25,1.68,82,50,70,135,1035,6
2733,6,16,12,167,0.98,0.52,0,0.17,1.68,90,70,70,2280,333,4
3266,6,9,10,43,1.67,0,0,0,1.68,79,20,73,25,569,7
1836,4,8,1,117,1.18,0.27,0.17,0.06,1.68,92,44,82,200,639,3
3559,13,14,11,112,0.97,0.4,0.14,0.15,1.67,67,32,76,12,96,3
2931,11,13,9,94,0.9,0.46,0,0.32,1.67,73,35,70,46,748,7
2911,8,9,11,43,0.93,0.52,0,0.22,1.67,93,41,82,125,273,3
1683,7,6,11,43,1.58,0.05,0,0.04,1.67,90,14,59,4,287,3
2944,16,11,9,6,1.22,0.39,0,0.06,1.67,83,40,80,106,680,7
3375,7,7,11,6,1.09,0.49,0.02,0.07,1.67,87,10,74,36,836,3
787,9,15,8,43,0.96,0.42,0.08,0.21,1.67,87,41,70,597,117,6
2897,8,7,7,105,1.13,0.32,0,0.22,1.67,84,28,69,13,684,7
2114,8,9,11,43,1.35,0.09,0,0.23,1.67,94,15,79,81,287,3
1050,9,12,3,43,0.81,0.58,0.01,0.26,1.67,83,37,70,24,277,7
2959,6,19,12,6,0.83,0.66,0,0.18,1.67,86,68,70,1346,130,7
2887,8,9,5,175,1.08,0.45,0,0.14,1.67,71,9,81,85,410,3
3481,10,21,2,152,0.45,0.9,0.05,0.26,1.66,79,103,73,2161,904,6
261,13,14,11,175,0.45,1.02,0,0.2,1.66,44,17,71,41,408,3
2910,8,6,11,43,0.78,0.61,0.06,0.2,1.66,93,35,74,33,288,3
2690,13,14,11,182,0.93,0.56,0,0.16,1.66,78,28,78,22,987,4
2067,8,10,11,105,0.81,0.63,0,0.21,1.66,83,44,83,19,585,3
2621,15,19,1,36,1.01,0.5,0.01,0.13,1.66,81,42,56,325,1035,6
2086,8,8,11,43,1.25,0.15,0.03,0.22,1.66,83,22,74,28,273,3
1586,15,18,1,193,0.9,0.61,0,0.15,1.66,79,59,63,114,983,4
794,8,11,3,16,0.96,0.12,0.54,0.04,1.66,72,29,75,71,871,7
601,10,22,8,112,0.65,0.45,0.34,0.22,1.65,89,69,79,1940,346,6
1541,13,17,5,117,0.58,0.21,0.79,0.07,1.65,77,49,76,156,400,4
1727,5,10,4,117,0.9,0.11,0.6,0.05,1.65,71,33,70,51,430,3
2941,13,14,1,94,1.21,0.3,0,0.14,1.65,56,24,58,18,515,7
2123,15,12,7,43,0.76,0.69,0.02,0.18,1.65,77,52,54,82,273,4
1362,9,13,1,150,0.57,0.72,0.06,0.29,1.65,79,64,74,544,638,7
1977,13,13,10,43,0.9,0.54,0.04,0.17,1.65,68,38,63,56,283,3
149,15,14,9,43,1.09,0.37,0.02,0.16,1.64,72,76,67,233,282,6
3313,8,8,11,43,0.8,0.63,0,0.21,1.64,88,18,80,18,287,3
2395,8,10,1,182,0.54,0.88,0,0.22,1.64,83,51,76,120,994,6
1006,17,20,9,182,0.8,0.69,0.01,0.14,1.63,82,15,66,383,994,6
924,16,10,11,148,1.54,0.02,0,0.07,1.63,92,42,82,93,1029,3
260,9,19,2,150,0.52,0.8,0.06,0.26,1.63,70,98,72,2652,728,6
2331,5,7,12,117,0.78,0.25,0.56,0.04,1.63,89,39,78,121,639,3
3314,8,9,11,43,1.18,0.34,0,0.1,1.63,89,23,79,40,287,3
402,6,23,9,6,0.58,0.81,0,0.23,1.63,81,29,43,1651,973,6
111,7,5,5,150,0.71,0.48,0.32,0.11,1.63,90,19,79,53,816,3
2115,8,10,11,43,1.32,0.09,0,0.22,1.62,88,29,79,35,291,3
1763,15,18,9,167,0.86,0.62,0.01,0.13,1.62,86,80,69,869,777,6
3520,15,12,10,103,0.45,0.95,0.02,0.2,1.62,84,65,71,131,734,3
1522,15,16,10,103,1.02,0.46,0,0.13,1.62,74,50,22,69,347,3
1542,5,9,7,117,1.01,0.11,0.45,0.04,1.62,61,28,70,69,400,3
1601,10,19,1,193,0.59,0.76,0.01,0.26,1.62,83,22,68,262,983,4
2566,9,23,4,43,0.99,0.41,0,0.22,1.62,92,35,75,107,405,7
822,3,13,8,158,0.3,0.02,1.27,0.03,1.62,80,44,70,50,70,4
2168,8,10,11,43,0.79,0.62,0,0.21,1.61,77,33,78,20,291,3
3016,5,11,11,117,0.98,0.38,0.2,0.04,1.61,76,39,78,55,634,3
2454,15,17,9,20,0.82,0.6,0.03,0.15,1.6,81,77,58,559,439,6
1718,3,12,11,117,0.98,0.04,0.49,0.09,1.6,69,40,71,37,878,3
1481,15,16,1,158,0.59,0.83,0.02,0.17,1.6,81,74,71,267,89,6
2736,7,5,1,91,0.71,0.48,0.3,0.1,1.6,86,17,83,326,502,6
2830,5,9,5,148,1.05,0.44,0.06,0.04,1.6,72,49,69,125,860,3
922,8,10,11,61,1.26,0.12,0,0.21,1.59,83,24,66,36,1029,3
689,6,2,8,6,0.01,1.58,0,0,1.59,94,12,78,850,130,6
1004,15,14,1,182,0.71,0.69,0.02,0.18,1.59,85,75,58,288,994,6
3209,5,12,1,117,1.15,0.36,0.04,0.04,1.59,96,16,83,568,639,7
2399,9,13,11,91,0.04,1.1,0.32,0.13,1.59,74,19,52,47,513,3
2357,13,12,8,117,0.78,0.37,0.3,0.13,1.58,53,34,58,106,375,3
1529,1,18,1,158,0.88,0.26,0.34,0.1,1.58,75,54,73,267,878,4
584,13,14,10,91,0.94,0.48,0.01,0.15,1.58,69,8,59,6,513,4
2849,15,14,3,182,0.92,0.43,0.07,0.15,1.58,85,62,70,157,608,7
2829,9,17,5,148,0.6,0.69,0.02,0.26,1.58,76,38,73,253,823,3
2902,4,8,5,190,0.85,0.65,0,0.08,1.58,76,18,67,13,249,3
1724,14,21,4,117,0.69,0.53,0.24,0.12,1.58,66,66,56,279,645,3
686,9,14,1,26,0.58,0.45,0.34,0.2,1.57,84,63,73,311,165,6
638,17,19,1,103,1.06,0.35,0.01,0.15,1.57,78,69,59,908,166,6
2112,8,7,11,43,0.77,0.6,0,0.2,1.57,90,18,78,24,287,3
1194,15,19,9,103,0.92,0.5,0.03,0.12,1.57,79,81,45,779,311,6
3550,17,20,1,182,0.9,0.53,0,0.14,1.57,78,15,49,712,994,6
1297,3,14,4,6,0.84,0.57,0,0.16,1.57,72,40,71,5,1020,4
1680,17,20,11,43,1.31,0.09,0,0.16,1.57,80,19,55,138,287,3
509,8,8,9,62,0.98,0.53,0,0.06,1.57,55,10,77,45,697,7
1728,5,11,4,117,0.95,0.11,0.46,0.04,1.57,64,25,70,53,428,3
827,3,14,8,158,0.17,0.02,1.36,0.02,1.57,84,46,76,57,70,4
2790,8,6,7,167,0.77,0.6,0,0.2,1.56,79,21,59,18,776,7
1050,8,12,3,43,1.07,0.4,0,0.1,1.56,84,32,72,41,277,7
2132,15,18,7,43,0.62,0.78,0.01,0.15,1.56,83,54,76,134,273,7
424,13,14,11,167,0.86,0.54,0,0.15,1.56,38,10,48,7,171,3
2364,3,15,8,117,0.57,0.43,0.44,0.12,1.56,54,26,81,133,181,3
1602,13,17,1,38,0.73,0.67,0,0.15,1.55,73,14,61,13,971,4
2990,8,8,7,16,0.76,0.59,0,0.2,1.55,71,37,48,36,759,7
3348,16,9,9,182,0.91,0.57,0,0.07,1.55,86,39,76,31,987,6
1594,15,16,1,193,0.95,0.46,0,0.14,1.55,79,58,71,62,971,4
2871,7,7,1,6,0.57,0.87,0.02,0.09,1.55,74,15,78,35,1020,3
1288,13,15,4,6,0.92,0.48,0,0.15,1.55,89,25,60,49,1020,7
3597,10,20,9,20,0.47,0.8,0.03,0.24,1.55,79,73,72,1116,549,6
1692,15,16,1,167,0.85,0.55,0,0.15,1.55,74,79,69,458,5,6
272,9,16,9,167,0.85,0.46,0.02,0.22,1.54,88,62,73,492,7,6
595,8,6,8,150,0.83,0.44,0.08,0.19,1.54,80,27,73,99,529,7
3530,6,9,12,6,0.58,0.87,0,0.09,1.54,88,23,81,713,130,7
42,13,14,11,16,0.78,0.43,0.19,0.14,1.54,69,6,72,14,398,3
3340,15,12,9,182,1.4,0.02,0.02,0.1,1.54,90,78,71,215,995,7
1964,8,11,11,43,1.26,0.07,0,0.21,1.54,87,25,77,47,287,3
3469,12,17,9,150,0.53,0.66,0.13,0.22,1.53,80,80,65,770,618,7
1213,13,17,4,112,0.42,0.65,0.33,0.14,1.53,64,28,69,13,609,4
2404,9,18,11,91,0.18,0.63,0.49,0.24,1.53,82,37,58,146,513,3
725,9,18,1,20,0.72,0.52,0.04,0.25,1.53,89,35,70,781,63,6
1716,5,9,11,117,1.09,0.15,0.25,0.04,1.53,81,49,71,56,164,3
403,6,18,9,6,0.64,0.69,0,0.19,1.53,74,11,33,1635,973,6
2521,13,13,1,26,0.67,0.43,0.29,0.14,1.52,75,47,67,122,175,6
3241,8,8,11,43,0.36,0.9,0,0.27,1.52,38,21,41,26,948,7
771,14,20,5,117,0.7,0.55,0.16,0.12,1.52,83,77,80,712,766,3
1051,9,15,3,43,0.92,0.4,0,0.2,1.52,88,46,67,95,273,7
3019,5,8,6,16,1.11,0.31,0.06,0.04,1.52,87,34,76,51,49,3
2284,8,8,1,112,1.26,0.05,0,0.21,1.51,73,19,69,26,608,3
1979,13,14,10,43,0.7,0.64,0.01,0.16,1.51,76,19,72,24,283,3
641,15,17,9,43,0.94,0.44,0,0.13,1.51,90,83,77,679,1028,6
3240,8,13,1,43,0.35,0.03,0,1.13,1.51,68,10,73,27,305,7
3240,3,13,1,43,0.56,0.77,0,0.17,1.51,69,17,64,18,389,7
1115,6,17,11,148,0.02,1.16,0,0.33,1.51,84,45,71,172,877,3
2201,9,17,8,112,0.6,0.47,0.21,0.23,1.51,85,89,77,984,529,4
2847,5,9,3,112,0.99,0.32,0.11,0.08,1.5,93,45,82,135,608,7
398,9,12,9,6,0.6,0.62,0.03,0.26,1.5,80,43,60,92,973,7
3335,8,6,7,32,0.66,0.52,0.15,0.17,1.5,76,15,80,64,376,3
2494,8,8,9,175,0.49,0.78,0,0.23,1.5,84,30,74,35,1035,6
1683,8,6,11,43,1.19,0.07,0.05,0.2,1.5,91,25,68,7,287,3
2957,9,16,1,94,0.8,0.49,0,0.21,1.5,63,41,59,121,541,7
2567,9,14,4,109,1.13,0.2,0,0.16,1.49,91,24,70,88,405,7
1090,5,9,8,117,0.72,0.38,0.36,0.04,1.49,80,55,72,94,878,7
1776,16,8,9,43,1,0.43,0,0.06,1.49,81,18,60,23,281,7
1674,8,14,11,43,1.22,0,0,0.27,1.49,67,4,61,24,291,3
636,15,16,1,26,0.75,0.52,0.09,0.12,1.49,79,76,60,216,134,6
1692,9,16,1,167,0.5,0.69,0.04,0.26,1.49,75,61,68,297,5,6
219,17,21,1,193,0.88,0.47,0,0.14,1.49,85,16,57,694,782,6
707,8,12,9,158,0.47,0.37,0.52,0.12,1.48,57,51,60,103,878,7
2837,11,13,7,148,0.44,0.67,0,0.37,1.48,60,24,69,35,93,3
2523,9,17,9,150,0.64,0.57,0.05,0.22,1.48,83,91,69,543,462,6
835,3,14,2,175,0.99,0.35,0,0.13,1.48,68,12,46,4,43,3
8,15,14,1,6,0.82,0.51,0.01,0.14,1.48,65,69,62,71,973,7
1703,8,11,11,167,0.72,0.56,0,0.19,1.48,82,19,65,20,520,3
1047,8,10,3,43,1.08,0.2,0,0.2,1.48,85,43,81,25,287,7
1605,15,17,1,94,0.84,0.51,0,0.13,1.48,75,43,69,42,971,4
3361,16,10,1,182,0.82,0.59,0,0.07,1.48,93,74,77,68,1001,7
400,12,18,1,6,0.71,0.43,0.07,0.26,1.47,33,58,39,479,637,6
3342,15,18,9,182,0.93,0.4,0.02,0.12,1.47,79,75,63,334,995,6
1050,15,12,3,43,1.33,0.03,0.01,0.1,1.47,86,67,79,264,277,7
3676,7,4,8,160,0.29,0.19,0.89,0.1,1.46,84,15,75,204,883,7
3030,3,16,6,193,1.06,0.29,0,0.11,1.46,81,53,73,46,20,4
3018,5,7,6,16,0.95,0.37,0.1,0.04,1.46,87,28,70,46,49,3
2849,9,14,3,182,0.72,0.4,0.14,0.2,1.46,85,65,70,129,608,7
1740,5,11,11,117,0.93,0.24,0.25,0.04,1.46,76,38,77,41,608,3
238,15,14,9,43,0.81,0.46,0.04,0.15,1.46,83,70,68,263,278,7
1384,15,17,9,175,0.83,0.48,0.02,0.12,1.45,70,85,51,399,497,6
2255,8,10,1,26,0.37,0.47,0.54,0.07,1.45,85,53,77,73,165,6
2492,8,10,9,167,0.71,0.55,0,0.19,1.45,73,42,69,70,776,6
2515,8,9,1,26,0.54,0.35,0.46,0.1,1.45,71,40,74,94,165,6
1757,9,17,8,43,0.78,0.45,0.03,0.19,1.45,94,62,76,1081,117,6
1590,3,17,12,193,1.02,0.32,0,0.11,1.45,59,14,60,11,412,3
2057,10,19,11,167,0.89,0.31,0.01,0.23,1.45,85,20,56,368,1029,3
2760,8,13,4,150,0.04,1.08,0,0.32,1.44,73,13,66,8,814,4
747,15,19,1,38,0.97,0.34,0,0.13,1.44,74,38,56,79,88,4
1976,3,13,4,182,0.37,0.89,0,0.18,1.44,71,7,59,5,987,3
3315,8,10,11,43,1.03,0.32,0,0.09,1.44,88,30,73,20,287,3
2113,8,8,11,43,1.16,0.08,0,0.19,1.44,91,19,77,27,287,3
2957,15,16,1,94,0.95,0.37,0,0.11,1.43,61,59,48,180,541,7
1152,7,5,1,67,0.8,0.54,0,0.09,1.43,77,4,70,8,128,3
3650,15,13,3,175,0.92,0.38,0,0.13,1.43,71,41,59,48,1057,7
1515,15,16,7,103,0.92,0.39,0,0.12,1.43,52,46,41,20,115,3
2786,13,13,4,43,0.52,0.75,0,0.16,1.43,65,26,67,10,698,3
475,4,10,5,117,0,0,1.39,0.03,1.43,84,14,77,44,639,3
108,6,17,12,182,0,1.13,0,0.29,1.43,83,33,61,493,133,7
1351,13,14,6,43,0.96,0.33,0,0.13,1.43,63,12,66,11,272,3
2836,11,12,7,148,0.73,0.42,0,0.27,1.42,64,25,69,38,93,3
271,9,14,9,167,0.75,0.46,0.01,0.2,1.42,94,51,78,881,252,6
1758,9,18,8,43,0.63,0.56,0.03,0.2,1.42,93,30,46,1849,117,6
387,8,8,11,6,0.7,0.54,0,0.18,1.42,59,7,69,12,794,7
2750,6,19,10,43,0.48,0.77,0,0.17,1.42,64,75,13,4572,569,4
3206,4,10,1,117,0.89,0.22,0.22,0.1,1.42,89,56,81,203,336,3
2167,8,10,11,43,1.15,0.08,0,0.19,1.42,80,36,80,45,291,3
641,9,17,9,43,0.73,0.48,0,0.21,1.42,89,78,75,535,1028,6
3306,13,14,11,43,0.8,0.47,0,0.14,1.42,81,18,78,34,291,3
1813,9,19,1,91,0.45,0.37,0.44,0.16,1.42,80,61,70,746,700,6
2479,13,12,4,182,1.22,0.06,0.02,0.11,1.42,76,54,70,116,993,3
825,3,16,8,158,0.09,0.07,1.24,0.02,1.41,77,33,64,15,966,3
3452,9,16,3,175,0.8,0.4,0.02,0.18,1.41,85,54,63,48,1057,7
1781,9,18,1,43,0.48,0.62,0.06,0.26,1.41,55,22,51,250,228,6
2814,15,15,4,148,0.85,0.43,0,0.13,1.41,79,45,76,40,93,4
692,15,19,8,6,0.9,0.39,0,0.12,1.41,87,42,57,384,130,6
3440,8,7,7,150,1.19,0.17,0,0.05,1.41,91,15,75,98,451,6
2035,8,10,7,43,0.69,0.54,0,0.18,1.41,87,19,75,15,291,3
1051,15,15,3,43,0.95,0.33,0,0.13,1.4,87,76,72,86,273,7
2878,16,8,1,6,1.07,0.28,0,0.05,1.4,79,29,66,11,973,3
1604,11,12,1,94,0.58,0.5,0,0.32,1.4,83,11,77,26,971,4
640,15,14,1,43,0.89,0.39,0,0.13,1.4,89,79,78,768,283,6
1596,13,15,1,6,0.9,0.38,0,0.12,1.4,72,13,52,14,971,4
2536,11,10,7,150,0.36,0.44,0.32,0.27,1.4,88,58,73,65,608,3
2817,4,10,5,175,0.74,0.52,0.08,0.06,1.4,79,30,75,34,257,3
494,8,8,7,30,0.03,1.05,0.02,0.3,1.4,86,25,68,24,192,3
1133,17,20,7,103,0.5,0.78,0.01,0.11,1.4,86,85,73,977,701,4
1684,7,7,11,43,0.78,0.53,0,0.09,1.39,88,9,71,7,287,3
868,8,11,1,170,0.24,0.18,0.91,0.06,1.39,69,29,79,68,663,7
1433,15,19,3,193,0.97,0.3,0,0.11,1.38,81,63,70,362,625,7
1004,9,14,1,182,0.43,0.69,0.01,0.26,1.38,85,49,55,241,994,6
3692,1,20,5,117,0.48,0.53,0.28,0.09,1.38,64,71,52,155,76,3
3433,16,9,1,6,0.96,0.37,0,0.05,1.38,77,39,69,28,546,6
2612,17,19,1,103,0.83,0.43,0,0.13,1.38,60,77,52,1409,219,6
1926,17,21,3,193,1.03,0.21,0,0.14,1.38,86,21,64,279,1040,6
2550,17,21,2,158,0.55,0.7,0.02,0.11,1.38,86,102,71,1288,217,6
2829,15,17,5,148,0.71,0.53,0,0.13,1.38,77,49,74,340,830,3
613,8,7,11,3,0.67,0.53,0,0.18,1.38,81,21,72,18,1058,7
201,3,15,1,6,1.26,0.02,0,0.1,1.38,60,6,58,7,654,3
1597,8,14,1,94,0.6,0.01,0,0.76,1.37,77,12,75,16,971,4
678,15,17,9,158,0.76,0.47,0.02,0.12,1.37,89,70,74,684,300,6
1086,3,13,8,158,0.33,0.41,0.54,0.1,1.37,81,44,52,60,880,4
402,13,16,9,6,0.8,0.45,0,0.12,1.37,80,25,49,87,973,6
678,9,17,9,158,0.5,0.59,0.07,0.22,1.37,89,50,73,682,300,6
2936,16,10,8,6,0.99,0.33,0,0.05,1.37,86,67,77,140,658,7
3244,11,11,10,43,0.49,0.55,0,0.33,1.37,65,17,60,32,569,7
636,9,16,1,26,0.43,0.56,0.15,0.21,1.36,80,54,58,178,134,6
2539,9,12,7,112,0.24,0.7,0.16,0.26,1.36,78,45,62,52,609,3
3338,16,10,9,182,0.86,0.45,0,0.06,1.36,80,53,80,58,753,7
2138,15,17,1,43,0.63,0.57,0,0.15,1.36,68,65,51,160,121,7
530,4,9,5,190,0.63,0.66,0,0.07,1.36,75,21,69,30,1020,3
3328,15,20,9,43,0.87,0.34,0.02,0.13,1.36,83,21,50,371,141,6
644,8,8,9,43,0.67,0.52,0,0.17,1.36,73,20,80,36,608,6
3639,9,18,1,175,0.51,0.6,0,0.25,1.35,76,24,72,99,953,7
1352,13,15,4,43,0.7,0.52,0,0.13,1.35,63,16,54,6,305,3
1187,3,15,6,2,0.79,0.42,0.01,0.13,1.35,60,17,84,4,914,3
377,15,14,7,43,0.63,0.57,0.01,0.14,1.35,88,68,60,279,215,4
1851,17,20,1,193,0.73,0.5,0.01,0.12,1.35,87,12,71,585,597,6
1948,9,14,7,150,0.43,0.65,0.02,0.25,1.35,82,63,71,318,321,7
2627,8,10,1,43,0.22,0.05,1.06,0.02,1.35,73,37,78,23,663,7
237,6,19,9,43,0.39,0.87,0,0.1,1.35,81,52,51,3517,278,6
1193,17,22,9,103,0.78,0.44,0,0.12,1.35,84,96,53,815,947,6
1032,11,13,11,43,0.2,0.76,0,0.39,1.35,79,7,65,15,273,3
1033,11,14,11,43,0.23,0.73,0.02,0.37,1.35,84,8,80,21,273,3
1032,15,13,11,43,0.31,0.89,0.01,0.14,1.35,82,43,70,57,273,3
3112,8,8,7,16,0.95,0.21,0.01,0.18,1.34,73,19,65,23,696,7
686,15,14,1,26,0.79,0.34,0.08,0.13,1.34,84,61,71,248,165,6
3353,9,14,9,182,0.66,0.44,0.04,0.21,1.34,81,32,70,93,994,6
1843,13,16,1,117,0.85,0.27,0.13,0.1,1.34,79,71,56,482,930,7
557,15,17,1,43,0.71,0.49,0.02,0.12,1.34,84,72,66,533,219,6
466,3,14,8,158,0.61,0.16,0.49,0.08,1.34,92,57,80,440,966,4
1753,9,17,3,26,0.81,0.28,0.11,0.14,1.34,84,56,64,147,165,7
776,16,11,9,6,0.85,0.43,0,0.06,1.34,88,71,65,116,1020,6
3351,17,21,9,182,0.77,0.45,0,0.12,1.34,74,24,60,252,994,6
975,9,16,7,30,0.25,0.75,0.08,0.26,1.34,84,46,69,83,193,3
1908,11,11,8,26,0.24,0.03,1.03,0.04,1.34,71,34,77,78,165,7
772,5,10,5,117,0.84,0.22,0.24,0.04,1.34,80,49,74,30,639,4
2123,8,12,7,43,1.22,0.05,0.05,0.01,1.34,74,26,75,60,273,4
1649,15,12,9,26,1.09,0.04,0.1,0.1,1.34,79,76,62,187,165,7
1762,8,9,9,167,0.65,0.51,0,0.17,1.34,73,27,73,63,781,6
238,9,14,9,43,0.76,0.35,0.05,0.18,1.34,84,50,72,203,278,7
1963,8,10,11,43,1.1,0.06,0,0.18,1.34,90,28,77,51,287,3
64,15,16,1,103,0.66,0.5,0.05,0.13,1.33,83,100,72,1156,762,7
1838,5,10,9,117,0.87,0.35,0.07,0.04,1.33,92,60,79,279,766,7
523,8,10,7,169,0.65,0.51,0,0.17,1.33,57,15,56,21,889,3
3650,9,13,3,175,0.62,0.49,0.01,0.2,1.33,74,27,64,41,1057,7
2775,15,19,5,6,0.86,0.34,0,0.12,1.32,83,37,48,45,1020,4
1253,3,15,1,167,0.58,0.56,0.05,0.14,1.32,93,85,74,280,773,6
3452,15,16,3,175,0.9,0.31,0,0.11,1.32,84,70,58,80,1057,7
3614,6,14,8,6,0.01,0.13,0,1.18,1.32,91,47,66,930,130,7
2155,8,8,11,16,1.06,0.08,0,0.18,1.32,93,20,65,25,1029,3
162,12,18,1,182,0.53,0.48,0.06,0.24,1.32,70,71,63,318,987,6
3698,15,16,11,182,0.79,0.41,0,0.11,1.32,73,32,66,25,994,3
2128,11,11,7,43,0.69,0.37,0.02,0.24,1.32,74,36,76,38,929,3
2454,9,17,9,20,0.47,0.58,0.06,0.2,1.31,81,37,53,353,439,6
1594,9,16,1,193,0.55,0.55,0,0.21,1.31,79,42,71,52,971,4
1669,8,11,5,6,0.78,0.45,0,0.07,1.31,69,25,65,25,969,4
3286,17,21,8,112,0.69,0.5,0,0.11,1.31,91,13,83,3963,177,6
3438,8,8,9,3,0.64,0.5,0,0.17,1.31,61,20,64,27,26,6
6,15,15,1,6,0.84,0.35,0,0.12,1.31,78,83,69,356,731,6
374,16,10,7,43,0.84,0.43,0,0.04,1.31,94,76,63,139,215,7
3128,15,15,4,109,0.97,0.23,0,0.11,1.3,89,76,77,127,405,7
2076,8,12,11,43,1.07,0.04,0.02,0.17,1.3,63,12,51,39,287,3
3693,14,21,5,117,0.62,0.47,0.11,0.1,1.3,78,83,76,376,381,3
2773,15,18,1,6,0.75,0.44,0,0.11,1.3,80,35,57,38,969,4
2757,8,11,4,150,0.27,0.02,0,1.02,1.3,78,22,74,6,807,7
3096,15,15,3,112,0.71,0.41,0.05,0.12,1.3,80,59,61,132,610,7
164,17,21,1,182,0.62,0.56,0,0.11,1.3,78,22,52,402,997,6
2368,3,16,8,117,0.5,0.16,0.58,0.05,1.29,68,25,73,25,213,3
1588,9,14,1,193,0.72,0.39,0,0.19,1.29,75,24,68,33,971,4
557,9,17,1,43,0.46,0.56,0.06,0.21,1.29,85,54,63,406,219,6
2342,4,9,5,169,0.93,0.34,0,0.02,1.29,49,10,53,5,704,3
1991,3,13,4,16,1.13,0.01,0.06,0.09,1.29,67,19,50,8,547,3
651,13,15,4,200,1.2,0,0,0.09,1.29,56,4,41,5,69,3
3409,8,10,9,16,0.63,0.49,0,0.16,1.29,75,51,77,27,574,7
858,17,21,1,193,0.86,0.3,0.01,0.12,1.29,74,26,69,387,933,6
992,6,21,8,20,0.51,0.67,0,0.1,1.29,84,38,45,7512,105,6
2827,3,16,5,148,0.69,0.47,0.01,0.12,1.29,79,26,70,66,257,3
169,9,20,1,182,0.46,0.56,0.06,0.2,1.29,72,53,66,292,1003,6
886,13,13,11,43,0.68,0.47,0,0.13,1.29,66,32,67,30,273,3
3152,17,21,8,20,0.78,0.38,0,0.12,1.28,77,11,75,613,1061,6
451,8,10,8,153,0.63,0.49,0,0.16,1.28,85,51,75,57,857,7
1588,11,23,1,193,0.57,0.44,0,0.27,1.28,73,5,65,10,971,4
1712,8,9,1,167,0.63,0.49,0,0.16,1.28,76,47,74,136,775,6
2123,13,12,7,43,0.45,0.66,0.02,0.15,1.28,67,21,64,26,273,4
2737,8,7,1,91,0.62,0.49,0,0.16,1.28,89,34,80,557,502,6
444,7,3,5,91,0.58,0.4,0.21,0.08,1.27,93,12,85,358,513,7
1294,13,14,4,6,1.03,0.14,0,0.1,1.27,73,16,63,19,1020,7
3212,15,20,1,193,0.69,0.47,0,0.11,1.27,69,8,63,26,983,4
3248,6,11,10,43,1.22,0.05,0,0,1.27,76,31,57,71,569,7
600,9,20,8,112,0.4,0.33,0.4,0.15,1.27,91,69,72,1107,346,7
1504,1,18,1,117,0.48,0.35,0.36,0.07,1.27,83,75,78,487,669,4
2365,1,18,8,117,0.44,0.29,0.47,0.07,1.27,59,46,54,134,647,3
1588,8,14,1,193,0.72,0.03,0,0.52,1.27,77,8,80,17,971,4
2066,15,14,11,167,1,0.16,0,0.11,1.27,84,32,63,44,1029,3
3380,16,9,11,6,0.85,0.37,0,0.05,1.27,85,33,82,26,628,7
1820,10,20,1,91,0.45,0.47,0.17,0.18,1.27,75,70,53,1311,511,6
2,8,8,8,16,0.49,0.38,0.26,0.13,1.27,75,35,76,60,223,7
1463,13,14,11,36,0.96,0.2,0,0.11,1.27,30,4,11,23,14,3
3492,9,14,8,148,0.71,0.19,0.24,0.13,1.27,86,60,77,433,823,7
3638,15,17,3,175,0.74,0.4,0,0.12,1.27,71,52,54,89,1057,7
2820,5,9,5,148,0.87,0.3,0.06,0.03,1.27,57,27,70,139,860,3
230,7,1,3,150,0.39,0.26,0.53,0.08,1.27,69,4,54,4,918,7
3639,15,18,1,175,0.72,0.44,0,0.11,1.27,78,46,71,110,956,7
1080,9,19,8,158,0.43,0.36,0.32,0.16,1.27,85,50,76,332,1026,7
2125,9,19,7,43,0.33,0.69,0.05,0.19,1.27,80,6,40,123,378,4
888,13,16,11,43,0.76,0.39,0,0.11,1.26,79,8,72,22,273,3
2574,13,13,11,167,0.39,0.72,0,0.15,1.26,68,36,49,21,776,3
1114,6,16,11,148,0,1.01,0,0.25,1.26,85,23,75,77,877,3
3076,3,11,10,16,0.1,0.02,1.12,0.01,1.26,59,20,68,6,613,3
3368,9,14,1,42,0.45,0.55,0.05,0.22,1.26,75,42,63,166,650,7
1589,3,15,12,193,0.77,0.37,0,0.11,1.25,65,29,80,51,412,3
2084,7,6,11,43,0.7,0.47,0,0.08,1.25,86,10,71,6,287,3
2621,9,19,1,36,0.56,0.41,0.09,0.19,1.25,76,26,54,278,1035,6
2956,8,14,1,94,0.49,0,0.01,0.75,1.25,68,7,65,33,515,7
2804,9,14,9,150,0.94,0.16,0.02,0.13,1.25,63,64,60,223,849,6
2132,15,11,7,43,1,0.13,0.02,0.1,1.25,83,54,76,134,273,7
2373,5,11,8,117,0.71,0.19,0.31,0.03,1.25,64,27,74,74,375,3
278,8,12,9,43,1.01,0.04,0.03,0.16,1.25,79,62,75,194,215,6
3352,9,13,9,182,0.47,0.53,0.03,0.22,1.25,86,32,67,81,994,6
1629,12,18,5,150,0.35,0.61,0.02,0.27,1.25,88,71,77,348,925,3
2372,1,21,8,117,0.48,0.35,0.34,0.08,1.25,69,44,79,190,873,3
2584,6,8,12,16,1.19,0.05,0,0,1.25,74,22,76,135,180,3
1573,8,9,1,42,0.61,0.48,0,0.16,1.25,52,37,53,106,203,7
3361,8,10,1,182,0.52,0.56,0,0.17,1.25,87,45,77,34,1001,7
2467,8,11,9,150,0.85,0.03,0.22,0.14,1.24,81,51,80,155,462,7
3585,13,13,11,141,0.45,0.67,0,0.12,1.24,52,15,59,4,15,3
202,8,7,8,189,0.61,0.48,0,0.16,1.24,87,29,74,90,857,7
2234,7,3,5,63,0.75,0.44,0,0.06,1.24,85,10,81,96,659,7
2542,8,6,1,112,0.24,0.19,0.75,0.06,1.24,78,20,68,6,608,3
3652,8,14,3,175,0.69,0,0,0.55,1.24,78,9,60,34,1057,7
1595,13,23,1,193,0.69,0.42,0,0.12,1.24,76,8,69,13,971,4
2933,16,11,1,6,0.82,0.38,0,0.04,1.24,61,44,72,54,266,7
6,9,15,1,6,0.65,0.4,0,0.19,1.24,79,53,68,308,731,6
1042,9,18,11,43,0.12,0.89,0,0.23,1.23,76,36,55,66,287,3
1157,8,7,5,91,0.6,0.47,0,0.16,1.23,32,6,37,29,513,3
1682,17,22,11,43,1.08,0.02,0,0.13,1.23,83,30,50,39,287,3
2211,16,10,1,103,0.92,0.2,0.07,0.04,1.23,91,89,79,152,930,6
534,16,8,5,184,0.59,0.57,0,0.07,1.23,70,16,72,19,971,3
839,8,10,7,16,0.6,0.47,0,0.16,1.23,57,51,46,102,759,6
166,11,15,1,182,0.43,0.47,0.05,0.28,1.23,63,38,63,69,389,6
1609,15,18,1,193,0.64,0.49,0,0.11,1.23,80,49,76,73,983,4
1412,14,20,1,117,0.58,0.42,0.13,0.1,1.23,76,81,74,662,663,7
768,4,10,5,117,0.79,0.27,0.12,0.04,1.23,80,22,82,37,734,3
1294,15,14,4,6,1,0.13,0,0.1,1.23,70,59,58,48,628,7
2123,9,12,7,43,0.49,0.5,0.03,0.2,1.23,75,31,64,42,273,4
256,13,13,1,34,0.54,0.55,0,0.13,1.23,63,6,68,9,417,4
16,9,16,11,43,0.3,0.64,0.07,0.22,1.23,82,56,69,57,273,3
3074,9,17,8,112,0.29,0.18,0.67,0.09,1.22,78,65,73,468,96,7
693,3,13,7,117,1.09,0.03,0,0.09,1.22,63,39,66,27,734,3
1736,5,10,11,117,0.58,0.16,0.46,0.03,1.22,80,43,76,48,164,3
1233,4,8,8,117,0.61,0.27,0.27,0.07,1.22,86,29,86,150,164,3
1761,16,7,9,167,0.98,0.19,0,0.05,1.22,89,24,74,61,622,6
2061,8,8,11,148,0.59,0.46,0.01,0.15,1.22,89,19,69,16,1029,3
2040,8,23,7,185,0.6,0.46,0,0.16,1.22,84,16,78,17,287,3
426,8,12,7,175,1.01,0.04,0,0.16,1.21,71,30,75,12,733,3
1171,16,7,4,103,0.93,0.24,0,0.04,1.21,70,28,60,16,128,3
404,16,10,9,6,0.78,0.4,0,0.04,1.21,73,55,69,22,866,7
1066,3,13,10,158,0.51,0.04,0.62,0.05,1.21,85,52,68,164,566,4
2944,11,11,9,94,1.05,0.05,0.01,0.1,1.21,69,22,76,111,800,7
3034,1,17,3,26,0.55,0.44,0.14,0.09,1.21,85,69,72,206,165,7
2783,8,8,5,150,1.03,0.14,0,0.04,1.21,86,41,77,184,897,3
3642,10,21,11,167,0.41,0.6,0,0.2,1.21,73,47,65,237,1057,7
703,7,6,1,189,0.34,0.49,0.28,0.1,1.21,86,13,81,91,165,6
2126,5,9,7,43,0.69,0.48,0.01,0.03,1.21,83,24,81,45,305,3
2004,9,16,3,112,0.42,0.46,0.15,0.18,1.21,76,34,74,130,223,7
1774,9,13,9,43,0.25,0.69,0.03,0.25,1.21,75,16,67,39,305,7
240,17,21,9,43,0.72,0.37,0.01,0.11,1.21,71,27,42,299,1028,6
245,9,15,1,148,0.44,0.39,0.21,0.16,1.21,87,54,68,355,632,6
331,13,14,6,43,0.71,0.38,0,0.12,1.21,85,61,77,105,281,3
3215,8,8,1,23,0.59,0.46,0,0.15,1.2,59,19,42,20,906,7
3247,13,13,10,43,0.44,0.63,0,0.14,1.2,73,19,73,10,569,7
187,8,10,7,154,1,0.04,0,0.16,1.2,78,37,75,16,189,3
976,9,17,7,30,0.12,0.74,0.11,0.24,1.2,82,36,62,55,192,3
2332,5,10,12,117,0.48,0.13,0.56,0.03,1.2,90,54,82,137,639,3
913,16,9,1,16,0.72,0.43,0.01,0.04,1.2,65,33,62,75,841,7
426,11,12,7,175,0.72,0.28,0,0.2,1.2,70,17,61,4,536,3
2184,8,7,11,43,0.59,0.46,0,0.15,1.2,92,22,76,26,287,3
1036,11,16,11,43,0.13,0.69,0.01,0.36,1.2,68,6,45,9,287,3
3242,4,9,7,175,0.86,0.32,0,0.02,1.19,55,14,59,9,43,3
1586,9,18,1,193,0.5,0.5,0,0.19,1.19,81,28,66,81,971,4
422,14,20,6,117,0.53,0.38,0.19,0.09,1.19,81,78,77,377,640,3
2889,4,8,5,175,0.92,0.23,0,0.04,1.19,71,4,68,7,1020,3
2399,13,14,11,91,0.09,0.84,0.11,0.15,1.19,83,19,75,43,513,3
675,17,21,9,6,0.85,0.23,0,0.12,1.19,89,11,43,393,160,7
2646,8,12,1,190,0.99,0.04,0,0.16,1.19,75,46,77,113,731,6
1379,16,23,1,42,0.76,0.38,0,0.05,1.19,84,23,71,19,469,6
3650,11,13,3,175,0.45,0.47,0,0.28,1.19,68,11,69,15,1057,7
2878,5,8,1,6,0.86,0.27,0.01,0.04,1.19,76,14,64,11,973,3
1745,3,12,6,117,0.73,0.03,0.36,0.07,1.19,76,32,70,17,646,3
1823,11,12,1,91,0.38,0.35,0.38,0.08,1.18,87,54,73,147,511,6
1433,9,19,3,193,0.48,0.5,0.01,0.2,1.18,78,37,70,282,625,7
2694,2,5,2,148,0.52,0.24,0.38,0.04,1.18,88,9,85,201,824,7
1489,15,18,4,182,0.9,0.19,0,0.09,1.18,77,23,68,36,987,4
3373,4,7,11,6,0.85,0.31,0,0.02,1.18,95,16,66,22,1020,3
2245,9,18,1,112,0.01,0.23,0.86,0.08,1.18,64,33,56,55,666,7
1302,8,11,9,6,0.98,0.04,0,0.16,1.17,77,43,78,70,628,6
3445,8,8,5,43,0.57,0.45,0,0.15,1.17,70,14,79,60,515,3
2514,9,18,1,26,0.48,0.24,0.36,0.1,1.17,52,36,40,222,849,6
1597,11,14,1,94,0.4,0.48,0,0.29,1.17,76,8,67,11,971,4
2375,13,15,2,117,0.53,0.16,0.42,0.06,1.17,62,22,63,36,213,3
3638,9,17,3,175,0.53,0.45,0.02,0.17,1.17,72,28,60,80,1057,7
389,8,9,11,199,0.57,0.45,0,0.15,1.17,57,4,75,37,794,7
1252,6,21,1,167,0.39,0.69,0,0.09,1.17,96,57,70,3756,775,6
993,6,16,8,20,0.59,0.45,0,0.14,1.17,84,39,77,2754,658,6
3653,9,15,3,175,0.48,0.48,0.01,0.2,1.17,81,38,72,55,1057,7
1778,16,9,9,43,0.76,0.36,0,0.05,1.17,65,23,49,28,281,7
149,9,14,9,43,0.74,0.26,0.02,0.15,1.17,74,43,64,118,282,6
2892,6,14,12,43,0.03,1.06,0,0.08,1.17,84,75,44,1711,569,4
1744,4,10,6,117,0.68,0.25,0.21,0.02,1.17,81,43,71,31,639,3
1605,9,17,1,94,0.52,0.46,0,0.19,1.16,76,36,64,34,971,4
1853,8,12,7,167,0.97,0.04,0,0.16,1.16,85,19,80,53,776,4
3344,8,10,9,182,0.57,0.44,0,0.15,1.16,70,31,54,24,753,7
380,7,3,3,150,0.39,0.27,0.43,0.08,1.16,83,13,70,16,531,7
1867,15,14,5,43,0.51,0.51,0.01,0.13,1.16,79,82,67,328,278,7
2840,9,12,5,148,0.41,0.06,0.04,0.66,1.16,43,17,32,176,860,4
2039,8,7,7,43,0.57,0.44,0,0.15,1.16,85,17,76,22,287,3
3699,15,17,11,182,0.7,0.36,0,0.1,1.16,77,13,67,21,987,3
1025,17,19,11,43,0.41,0.66,0,0.09,1.16,88,22,49,328,273,3
1073,11,13,8,158,0.45,0.24,0.3,0.16,1.16,88,41,71,238,966,7
2797,15,16,9,29,0.54,0.5,0,0.12,1.16,45,39,49,89,185,6
2839,3,13,5,148,0.53,0.48,0.01,0.12,1.15,78,32,73,66,257,3
3630,6,14,10,148,0,1.14,0,0.01,1.15,83,29,72,30,877,3
1188,8,7,1,105,0.56,0.44,0,0.15,1.15,73,15,74,30,585,7
1773,11,13,9,43,0.5,0.39,0.02,0.25,1.15,69,20,64,30,281,7
199,8,10,9,44,0.56,0.44,0,0.15,1.15,43,5,25,13,128,6
1116,6,18,11,148,0,0.95,0,0.21,1.15,86,37,58,228,877,1
1781,15,18,1,43,0.59,0.45,0.01,0.1,1.15,53,43,45,437,228,6
1035,11,15,11,43,0.15,0.67,0.01,0.31,1.15,83,9,70,14,287,3
773,5,9,4,117,0.5,0.16,0.46,0.03,1.15,76,55,74,21,608,3
399,6,13,9,6,0,1.12,0,0.03,1.15,92,40,76,2360,457,6
3063,8,9,5,175,0.56,0.44,0,0.15,1.15,68,28,81,28,88,3
3641,10,20,11,167,0.39,0.57,0,0.19,1.15,62,44,42,164,1057,7
3106,8,9,1,6,0.44,0.34,0.25,0.11,1.14,79,33,75,38,492,6
2679,8,11,1,150,0.78,0.03,0.2,0.13,1.14,91,77,82,933,801,7
344,7,4,8,160,0.25,0.17,0.65,0.07,1.14,81,12,76,17,883,3
2215,9,13,1,42,0.57,0.32,0.09,0.16,1.14,88,46,66,155,930,6
3640,9,19,11,167,0.49,0.46,0,0.19,1.14,74,22,66,121,1057,7
2370,1,17,1,117,0.47,0.26,0.35,0.07,1.14,56,36,62,50,47,4
8,9,14,1,6,0.43,0.51,0.02,0.19,1.14,65,42,57,47,973,7
574,8,11,10,91,0.95,0.04,0,0.16,1.14,76,27,81,21,514,4
3216,16,9,1,43,0.71,0.38,0,0.05,1.14,84,31,82,31,280,7
1390,9,13,11,150,0.31,0.03,0.76,0.04,1.14,81,66,79,32,187,3
3008,17,20,9,103,0.63,0.4,0,0.1,1.14,81,89,68,1137,462,6
1896,8,7,10,16,0.12,0.1,0.88,0.03,1.14,73,15,79,32,165,7
2006,10,22,3,112,0.41,0.45,0.11,0.17,1.14,79,60,73,201,223,7
1768,16,8,10,103,1.01,0.1,0,0.03,1.13,87,32,71,47,232,7
426,4,12,7,175,0.81,0.3,0,0.02,1.13,50,8,38,6,411,3
3551,10,22,1,182,0.37,0.58,0,0.18,1.13,83,88,69,621,994,6
1605,1,17,1,94,0.61,0.43,0,0.09,1.13,67,25,52,31,971,4
3349,16,10,9,182,0.99,0.12,0,0.02,1.13,84,55,77,14,994,6
1867,9,14,5,43,0.31,0.58,0.02,0.22,1.13,79,66,69,362,278,7
1288,15,15,4,6,0.65,0.37,0,0.11,1.13,85,69,59,108,628,7
70,10,20,9,148,0.34,0.57,0.04,0.17,1.13,79,50,72,795,212,6
1002,1,18,8,117,0.33,0.37,0.37,0.06,1.13,73,51,77,209,530,4
2756,9,13,4,150,0.45,0.56,0,0.12,1.13,82,48,50,15,814,7
3208,1,21,1,117,0.53,0.33,0.17,0.08,1.12,73,73,67,179,639,3
3036,8,7,7,6,0.55,0.43,0,0.14,1.12,57,15,67,9,322,3
2449,13,15,5,182,0.25,0.74,0,0.14,1.12,78,50,74,32,993,4
1899,9,16,7,150,0.5,0.4,0.06,0.16,1.12,82,85,75,201,1011,3
2805,11,11,9,150,1.03,0,0.01,0.08,1.12,82,44,77,63,1064,6
2573,9,17,4,182,0.53,0.36,0.09,0.15,1.12,80,27,74,52,987,7
397,16,11,9,6,0.66,0.4,0,0.05,1.12,78,46,42,27,973,7
2573,15,17,4,182,0.84,0.19,0.01,0.08,1.12,77,30,73,62,987,7
1288,8,15,4,6,0.28,0.3,0,0.54,1.12,71,4,17,10,151,7
3629,6,13,11,142,0,1.12,0,0,1.12,86,15,71,19,877,3
3686,9,15,1,148,0.21,0.2,0.62,0.08,1.12,79,77,72,165,789,6
2312,12,18,8,17,0.36,0.23,0.38,0.15,1.12,93,61,83,1228,82,6
2870,16,10,1,6,0.82,0.26,0,0.04,1.12,83,60,74,40,973,7
527,15,16,9,103,0.63,0.36,0.02,0.1,1.12,70,91,51,202,787,6
3128,9,15,4,109,0.67,0.29,0,0.15,1.12,88,60,78,59,405,7
785,15,17,1,43,0.72,0.29,0.01,0.09,1.11,79,75,36,2380,117,6
524,16,9,9,103,0.85,0.23,0,0.04,1.11,74,38,67,51,1013,6
1289,8,13,4,138,0.92,0.04,0,0.15,1.11,69,50,54,31,405,7
1048,9,17,3,43,0.45,0.49,0,0.18,1.11,84,52,64,95,273,6
2566,8,23,4,43,0.71,0.06,0,0.35,1.11,82,8,59,13,405,7
3357,16,11,1,182,0.68,0.38,0,0.05,1.11,94,70,81,160,994,6
2333,14,19,12,117,0.44,0.32,0.29,0.07,1.11,87,79,78,664,639,4
3640,15,19,11,167,0.64,0.37,0,0.1,1.11,75,43,68,100,1057,7
818,10,21,3,112,0.3,0.52,0.12,0.16,1.11,69,50,68,598,257,7
440,9,16,1,91,0.5,0.35,0.1,0.15,1.1,85,62,71,468,575,6
2349,3,17,12,99,0.9,0.12,0,0.08,1.1,81,23,65,29,966,4
3069,5,9,8,117,0.54,0.21,0.31,0.04,1.1,86,60,76,176,608,7
1591,14,19,5,117,0.47,0.42,0.13,0.08,1.1,80,66,73,283,983,4
2136,13,13,7,43,0.53,0.45,0,0.12,1.1,61,16,60,14,280,4
1272,9,14,7,30,0.31,0.56,0.03,0.2,1.1,87,39,72,109,192,3
1774,15,13,9,43,0.45,0.52,0.01,0.12,1.1,73,54,58,77,305,7
2924,7,4,8,150,0.26,0.1,0.72,0.02,1.1,80,13,76,44,976,3
2111,15,19,11,43,1.01,0,0,0.08,1.09,77,18,49,74,291,3
3685,8,12,2,148,0.05,0.04,0.84,0.16,1.09,77,34,72,52,49,6
1288,9,15,4,6,0.53,0.39,0,0.17,1.09,86,54,48,87,628,7
810,4,9,8,16,0.78,0.29,0,0.02,1.09,75,21,80,39,1045,3
2144,13,14,9,43,0.91,0.09,0,0.09,1.09,66,13,35,7,284,4
2153,2,6,11,148,1.02,0.05,0,0.02,1.09,97,22,51,47,1029,3
3483,11,11,8,6,0.54,0.33,0.01,0.22,1.09,68,51,67,58,863,7
2417,10,21,7,149,0.2,0.7,0.02,0.16,1.09,83,37,57,363,851,3
1686,16,9,11,43,1.02,0.02,0,0.05,1.09,92,27,74,48,291,3
2821,13,15,5,148,0.64,0.34,0.01,0.1,1.09,54,51,60,198,860,4
3160,8,12,1,43,0.89,0.03,0.01,0.15,1.09,75,56,74,99,305,6
2828,15,16,7,148,0.74,0.25,0,0.09,1.09,47,52,12,98,823,3
2945,8,8,9,94,0.53,0.42,0,0.14,1.09,65,32,74,33,541,7
3654,9,16,3,175,0.44,0.46,0.01,0.18,1.09,74,42,60,41,1057,7
2110,15,18,1,43,1.02,0,0,0.07,1.09,76,20,46,65,291,3
2767,15,15,11,43,0.82,0.17,0.01,0.09,1.09,84,70,71,72,271,7
2041,8,9,7,43,0.53,0.41,0,0.14,1.08,88,15,80,77,291,3
1990,11,11,4,150,0.75,0.18,0,0.16,1.08,73,28,63,9,966,4
906,6,15,12,148,0.01,0.97,0,0.1,1.08,90,62,60,2981,212,7
3515,9,13,3,148,0.29,0.51,0.08,0.2,1.08,85,47,65,67,824,7
593,9,16,1,43,0.64,0.28,0.04,0.13,1.08,75,69,66,265,1028,6
3338,8,10,9,182,0.64,0.34,0,0.1,1.08,58,21,51,19,1002,7
1134,17,22,7,103,0.42,0.58,0,0.08,1.08,91,90,65,594,701,3
2956,11,14,1,94,0.43,0.4,0,0.24,1.08,70,10,72,49,515,7
807,4,9,3,16,0.77,0.29,0,0.02,1.08,40,23,52,22,1045,7
2918,5,11,9,117,0.68,0.18,0.19,0.03,1.08,67,59,72,106,608,7
2350,15,20,9,43,0.51,0.47,0,0.09,1.08,69,6,64,121,709,4
3240,11,13,1,43,0.24,0.54,0,0.3,1.07,59,7,58,15,307,7
1604,3,12,1,94,0.96,0.03,0,0.08,1.07,47,9,41,38,46,3
398,8,12,9,6,0.89,0.03,0,0.15,1.07,82,14,65,83,973,7
1036,13,16,11,43,0.26,0.69,0,0.12,1.07,73,17,64,8,287,3
2390,9,14,1,182,0.47,0.4,0.03,0.17,1.07,85,59,64,245,994,7
3368,15,14,1,42,0.53,0.42,0.01,0.11,1.07,76,57,57,198,217,7
2399,15,13,11,91,0.08,0.9,0.04,0.05,1.07,76,29,69,36,513,3
2848,8,11,3,112,0.74,0.15,0.13,0.05,1.07,86,57,75,96,608,7
3307,13,15,11,43,0.6,0.36,0,0.11,1.07,88,44,79,57,291,3
3624,11,11,11,150,0.1,0.63,0,0.34,1.07,70,31,47,5,813,3
2026,9,14,3,112,0.49,0.34,0.09,0.15,1.07,75,32,77,95,223,7
1616,9,19,8,158,0.31,0.2,0.45,0.11,1.07,66,62,50,552,878,7
1927,8,12,3,105,0.88,0.04,0,0.14,1.06,75,43,76,84,585,6
1148,8,8,7,43,0.52,0.41,0,0.14,1.06,81,25,64,14,678,3
1253,11,15,1,167,0.28,0.49,0.03,0.27,1.06,90,77,64,146,773,6
2893,3,14,10,43,0.66,0.3,0,0.1,1.06,65,20,56,21,389,3
3227,9,13,9,43,0.28,0.58,0,0.21,1.06,89,21,75,188,280,6
755,15,15,4,6,0.56,0.39,0,0.11,1.06,84,72,71,42,342,7
371,15,14,1,167,0.53,0.4,0.03,0.11,1.06,80,56,74,154,552,7
2094,8,11,11,43,0.52,0.41,0,0.14,1.06,89,36,78,37,273,3
1402,8,9,1,184,0.52,0.41,0,0.14,1.06,71,28,74,22,731,7
2277,17,22,9,6,0.63,0.33,0,0.1,1.06,91,18,47,668,130,7
72,15,16,9,148,0.55,0.4,0,0.11,1.06,64,64,64,247,748,6
2773,9,18,1,6,0.36,0.49,0,0.2,1.06,77,21,54,18,969,4
691,6,7,8,190,1.03,0.02,0,0,1.06,87,21,82,639,131,6
909,13,13,2,117,0.43,0.46,0.09,0.09,1.06,72,42,72,61,62,3
2870,4,10,1,6,0.76,0.28,0,0.02,1.06,65,12,68,6,249,3
2657,8,8,7,128,0.52,0.4,0,0.14,1.06,63,9,79,10,99,7
604,15,16,1,175,0.67,0.28,0.01,0.1,1.06,83,81,70,292,1024,6
1810,15,14,9,43,0.65,0.3,0.01,0.1,1.06,72,69,63,152,680,7
3537,9,13,10,150,0.49,0.39,0,0.17,1.06,84,50,75,183,451,7
710,9,17,7,30,0.27,0.57,0.01,0.2,1.06,87,52,62,122,192,7
2665,13,14,11,148,0.28,0.65,0,0.13,1.05,71,24,61,16,898,4
708,9,13,7,30,0.16,0.66,0,0.23,1.05,83,32,71,32,192,3
399,3,13,9,6,0.95,0.01,0.01,0.08,1.05,75,22,60,36,606,7
2519,13,15,1,26,0.46,0.31,0.2,0.09,1.05,75,55,71,60,175,6
2806,11,12,9,150,0.81,0.11,0,0.13,1.05,81,31,81,36,1064,7
2062,8,8,11,148,0.51,0.4,0,0.13,1.05,89,21,71,22,1029,3
1609,9,18,1,193,0.37,0.49,0,0.19,1.05,82,16,74,85,983,4
3242,16,7,7,43,0.78,0.26,0,0.01,1.05,61,17,74,6,340,7
612,7,6,11,3,0.91,0.11,0,0.03,1.05,82,14,75,5,1058,3
890,10,20,11,43,0.46,0.41,0.01,0.17,1.05,70,57,52,279,287,7
1135,16,11,7,103,0.52,0.51,0,0.02,1.05,92,73,67,213,582,3
3518,9,13,11,148,0.23,0.58,0.03,0.21,1.05,80,35,70,32,825,3
1962,8,9,11,43,0.51,0.4,0,0.13,1.04,81,22,80,17,287,3
1579,7,23,1,42,0.58,0.4,0,0.07,1.04,91,17,81,132,217,7
3653,15,15,3,175,0.56,0.37,0.01,0.1,1.04,80,59,75,36,1057,7
2780,9,18,1,158,0.31,0.49,0.05,0.19,1.04,83,40,68,645,1011,6
2010,5,9,3,117,0.44,0.12,0.45,0.03,1.04,74,22,80,39,22,7
575,8,12,10,91,0.87,0.03,0,0.14,1.04,73,25,78,6,513,4
72,9,16,9,148,0.41,0.46,0,0.18,1.04,65,57,64,168,748,6
967,4,7,7,117,0.39,0.16,0.37,0.12,1.04,86,19,76,22,620,3
2840,15,12,5,148,0.44,0.48,0,0.11,1.04,46,38,35,455,823,4
2132,16,11,7,43,0.53,0.46,0,0.05,1.04,83,32,79,29,273,7
3240,15,13,1,43,0.54,0.39,0,0.11,1.03,71,52,68,71,306,7
977,9,18,7,30,0.12,0.63,0.05,0.23,1.03,81,23,66,54,192,3
351,15,17,9,20,0.59,0.35,0.01,0.09,1.03,68,85,49,404,875,7
1968,8,11,7,175,0.86,0.03,0,0.14,1.03,79,30,75,17,733,3
3591,11,11,7,150,0.47,0.34,0,0.23,1.03,88,56,70,102,895,3
3453,9,18,1,175,0.55,0.32,0.03,0.13,1.03,86,30,65,92,1057,7
1602,15,17,1,38,0.54,0.39,0,0.09,1.03,73,54,61,31,971,4
3341,9,13,9,182,0.34,0.48,0.02,0.19,1.03,84,29,72,41,755,7
3026,3,11,5,117,0.7,0.05,0.21,0.07,1.03,75,48,67,33,966,3
1286,13,14,1,193,0.46,0.47,0,0.11,1.03,67,12,61,8,982,4
2120,8,9,11,43,0.5,0.39,0,0.13,1.03,82,16,79,12,657,3
3210,14,22,1,117,0.56,0.3,0.08,0.09,1.03,86,74,75,329,923,7
1597,9,14,1,6,0.44,0.42,0,0.17,1.03,77,36,68,30,971,4
3363,6,2,1,42,0.96,0.07,0,0,1.03,86,18,76,3552,218,6
2975,7,4,3,189,0.38,0.12,0.51,0.02,1.03,93,12,76,46,165,7
1978,13,15,2,43,0.61,0.32,0,0.1,1.03,78,28,77,28,305,3
1947,11,15,7,150,0.16,0.57,0,0.29,1.02,79,58,79,39,114,7
1032,13,13,11,43,0.32,0.59,0.01,0.11,1.02,65,13,52,26,273,3
3304,13,13,11,43,0.93,0.01,0,0.08,1.02,72,24,61,22,285,3
796,13,13,3,16,0.32,0.36,0.26,0.09,1.02,72,27,75,61,874,7
2723,5,10,5,6,0.73,0.26,0.01,0.03,1.02,70,25,55,14,546,3
2060,17,22,11,167,0.86,0.06,0,0.11,1.02,90,17,53,91,1029,3
3341,15,13,9,182,0.87,0.05,0.02,0.08,1.02,86,58,72,89,755,7
2841,9,14,5,148,0.56,0.32,0.01,0.14,1.02,54,24,70,130,860,4
750,13,17,1,38,0.64,0.28,0,0.1,1.02,61,11,51,5,318,4
587,13,16,4,182,0.25,0.65,0,0.12,1.02,48,6,24,4,537,4
1596,15,15,1,6,0.62,0.31,0,0.09,1.02,71,41,65,25,971,4
369,15,17,9,43,0.61,0.32,0.01,0.08,1.02,84,83,67,439,312,6
2775,9,19,5,6,0.43,0.42,0,0.17,1.02,83,31,44,33,1020,4
1672,16,12,11,43,0.97,0.03,0,0.03,1.02,83,27,78,6,291,3
2829,1,17,5,148,0.44,0.47,0.01,0.09,1.02,66,29,60,108,828,3
2567,13,14,4,109,0.93,0.01,0,0.08,1.02,92,10,68,45,405,7
1333,8,10,1,43,0.5,0.39,0,0.13,1.02,70,29,78,29,280,3
2360,3,18,8,117,0.56,0.05,0.37,0.04,1.02,80,40,73,89,507,3
3526,13,14,5,175,0.51,0.4,0,0.11,1.01,51,18,27,8,410,3
2011,13,13,3,177,0.44,0.46,0,0.11,1.01,74,23,71,27,22,7
36,15,13,10,16,0.69,0.04,0.22,0.06,1.01,80,54,70,101,712,7
3240,13,13,1,43,0.45,0.46,0,0.11,1.01,64,19,52,38,307,7
2214,15,14,1,170,0.65,0.22,0.05,0.1,1.01,81,74,71,302,931,6
169,15,20,1,182,0.58,0.34,0,0.09,1.01,72,32,64,318,987,6
2477,10,20,5,182,0.22,0.64,0,0.16,1.01,90,16,76,525,993,4
2390,15,14,1,182,0.54,0.34,0.02,0.1,1.01,81,73,61,189,994,7
1916,7,3,10,170,0.12,0.08,0.74,0.07,1.01,86,5,74,10,934,1
3709,14,18,1,182,0.52,0.36,0.05,0.08,1.01,77,70,68,758,993,6
2376,14,22,3,112,0.5,0.26,0.17,0.08,1.01,76,74,71,273,96,4
1125,8,9,7,44,0.49,0.38,0,0.13,1,51,5,71,8,740,3
2145,13,15,9,43,0.93,0,0,0.07,1,67,12,36,6,285,4
1223,11,16,1,150,0.41,0.35,0.03,0.21,1,86,73,75,255,742,6
2847,16,9,3,112,0.78,0.18,0.03,0,1,92,39,80,54,608,7
864,8,8,1,170,0.13,0.1,0.74,0.03,1,72,16,84,54,663,7
2478,9,17,5,182,0.33,0.49,0.01,0.17,1,87,43,75,238,1008,4
2159,16,6,11,103,0.74,0.21,0,0.04,0.99,79,24,76,10,582,3
1485,15,19,4,182,0.72,0.17,0,0.1,0.99,79,16,69,33,987,4
2109,15,17,11,43,0.94,0,0,0.06,0.99,82,25,57,49,287,3
3453,15,18,1,175,0.72,0.2,0,0.08,0.99,85,60,67,88,1057,7
1547,3,17,5,117,0.48,0.06,0.41,0.05,0.99,83,46,77,55,400,3
1358,9,14,9,182,0.49,0.33,0.02,0.15,0.99,55,65,56,294,341,6
2233,7,4,5,63,0.55,0.38,0,0.06,0.99,88,13,82,69,659,7
3133,8,6,1,150,0.3,0.23,0.38,0.08,0.99,66,20,71,35,268,7
709,9,15,7,30,0.27,0.52,0,0.19,0.99,87,63,73,94,192,7
1294,9,14,4,6,0.73,0.15,0,0.11,0.99,70,39,41,26,628,7
2681,5,11,5,148,0.76,0.2,0,0.03,0.99,51,22,57,120,860,4
959,9,15,10,150,0.35,0.52,0.04,0.08,0.99,70,35,73,20,814,3
117,3,13,2,26,0.28,0.04,0.64,0.03,0.99,78,48,72,84,165,7
37,11,12,10,112,0.37,0.3,0.12,0.19,0.99,75,26,74,30,712,7
599,15,17,8,112,0.64,0.27,0,0.09,0.99,89,66,75,1106,346,6
1855,11,14,7,167,0.52,0.27,0,0.19,0.98,79,26,78,43,774,7
2399,11,14,11,91,0.02,0.53,0.19,0.25,0.98,80,17,59,11,513,3
1035,13,15,11,43,0.23,0.64,0,0.11,0.98,75,21,53,17,287,3
3066,9,16,8,112,0.28,0.18,0.45,0.07,0.98,77,55,73,336,609,7
991,6,14,8,20,0.02,0.88,0,0.08,0.98,91,48,70,3450,105,6
1731,4,11,4,117,0.5,0.19,0.28,0.02,0.98,54,27,45,34,428,3
3715,3,11,12,175,0.86,0.03,0.01,0.08,0.98,44,19,57,25,43,3
3650,13,13,3,175,0.38,0.5,0,0.11,0.98,59,13,50,18,1057,7
642,15,19,1,43,0.64,0.26,0,0.08,0.98,78,68,55,694,1028,6
2997,8,23,8,185,0.29,0.23,0.38,0.08,0.98,86,23,68,113,502,7
3356,15,19,1,182,0.57,0.32,0.01,0.08,0.98,82,58,66,383,1004,6
2053,15,15,11,167,0.88,0.02,0,0.08,0.97,82,46,67,34,1029,3
2102,16,11,11,43,0.73,0.21,0,0.03,0.97,87,38,74,27,287,3
1255,6,11,1,167,0,0.93,0,0.04,0.97,93,47,80,1841,775,6
1673,9,13,11,43,0.89,0,0,0.08,0.97,81,31,44,33,291,3
1094,4,9,12,117,0.49,0.18,0.29,0.01,0.97,88,31,83,144,463,3
362,15,15,1,43,0.62,0.26,0,0.09,0.97,82,88,71,268,265,6
747,9,19,1,38,0.49,0.32,0,0.16,0.97,75,21,50,47,88,4
2186,8,9,11,43,0.47,0.37,0,0.12,0.97,85,19,67,53,287,3
1257,8,13,1,167,0.78,0.03,0.03,0.13,0.97,75,37,70,67,773,6
1041,16,10,11,43,0.33,0.6,0,0.04,0.97,81,34,78,23,273,3
1758,6,18,8,43,0.4,0.44,0,0.12,0.97,89,23,46,5926,117,6
426,3,12,7,175,0.85,0.04,0,0.07,0.97,54,17,12,11,411,3
205,13,15,4,6,0.59,0.29,0,0.09,0.97,79,20,57,15,1020,4
2776,15,17,1,6,0.53,0.34,0,0.1,0.97,78,35,43,53,969,4
1595,15,23,1,193,0.51,0.37,0,0.09,0.97,77,35,70,39,971,4
1604,5,12,1,94,0.75,0.19,0,0.03,0.97,84,25,82,16,971,4
1779,7,6,9,43,0.54,0.37,0,0.06,0.97,86,16,81,44,270,7
596,8,8,8,150,0.38,0.25,0.26,0.07,0.96,87,41,82,174,529,7
1005,6,18,9,182,0.22,0.62,0,0.12,0.96,88,43,73,3183,994,6
952,10,21,9,167,0.36,0.41,0.05,0.15,0.96,76,46,34,894,985,6
642,9,19,1,43,0.44,0.36,0,0.16,0.96,76,37,55,522,1028,6
2183,8,6,11,43,0.47,0.37,0,0.12,0.96,85,22,72,9,287,3
1012,6,18,10,49,0,0.81,0,0.15,0.96,65,12,66,111,379,3
1300,13,16,4,6,0.47,0.4,0,0.09,0.96,77,26,66,17,1021,7
620,13,14,5,175,0.49,0.37,0,0.1,0.96,82,48,77,73,139,3
2718,8,8,5,150,0.36,0.28,0.22,0.09,0.96,71,33,70,43,674,6
1928,16,8,3,105,0.77,0.15,0,0.04,0.96,81,27,75,24,585,6
3285,6,17,1,112,0.25,0.56,0,0.14,0.96,88,76,76,4378,177,6
2795,9,18,9,2,0.38,0.38,0.06,0.14,0.96,70,21,60,92,748,6
922,16,10,11,61,0.88,0.04,0,0.04,0.95,85,28,78,22,1029,3
1186,11,12,2,150,0.3,0.43,0,0.22,0.95,52,47,58,18,814,6
1741,1,18,11,117,0.26,0.29,0.34,0.05,0.95,69,58,60,110,164,3
2334,1,17,10,117,0.4,0.36,0.13,0.07,0.95,71,64,65,88,601,3
3601,8,10,4,128,0.8,0.03,0,0.13,0.95,60,8,68,11,204,3
1975,3,14,11,182,0.3,0.54,0,0.11,0.95,63,4,67,7,994,3
3357,8,11,1,182,0.36,0.45,0,0.14,0.95,87,29,77,53,994,6
2841,15,14,5,148,0.54,0.32,0,0.09,0.95,60,50,69,238,860,4
2887,5,9,5,175,0.74,0.19,0,0.03,0.95,71,10,77,34,410,3
2353,9,18,1,150,0.5,0.27,0.04,0.15,0.95,74,69,64,540,903,7
2405,9,19,1,91,0.03,0.41,0.51,0,0.95,78,39,32,303,513,3
3687,9,23,1,148,0.15,0.13,0.63,0.05,0.95,78,59,71,177,789,6
3342,9,18,9,182,0.41,0.32,0.09,0.12,0.95,79,18,60,156,995,6
1502,8,6,12,43,0.27,0.21,0.41,0.07,0.95,75,20,75,12,507,7
849,9,17,7,182,0.24,0.52,0.01,0.18,0.95,79,53,68,114,998,7
150,15,16,9,43,0.62,0.24,0,0.09,0.95,73,79,64,126,282,6
1647,9,16,9,26,0.29,0.33,0.2,0.13,0.95,68,56,60,62,165,7
1602,9,17,1,38,0.36,0.43,0,0.16,0.95,73,42,62,34,971,4
1508,8,10,9,150,0.79,0.03,0,0.13,0.94,70,67,65,254,391,6
3272,5,10,5,175,0.73,0.19,0,0.03,0.94,73,9,69,13,410,3
2915,1,17,9,117,0.48,0.27,0.13,0.06,0.94,81,65,73,231,639,4
439,8,9,1,91,0.46,0.36,0,0.12,0.94,79,45,75,74,502,6
3356,9,19,1,182,0.34,0.39,0.06,0.15,0.94,84,27,68,314,1004,6
2776,9,17,1,6,0.39,0.39,0,0.16,0.94,77,18,39,42,969,4
2319,11,14,8,148,0.19,0.06,0.63,0.05,0.94,64,38,69,19,40,7
3652,9,14,3,175,0.51,0.3,0.01,0.12,0.94,78,37,61,49,1057,7
2107,15,15,11,43,0.87,0,0,0.07,0.94,83,26,58,37,291,3
362,9,15,1,43,0.54,0.27,0,0.13,0.94,83,61,67,162,265,6
3383,13,15,11,6,0.69,0.17,0,0.08,0.94,47,15,36,21,162,4
370,8,12,1,167,0.75,0.03,0.04,0.12,0.94,87,69,82,293,780,7
2393,16,9,1,182,0.57,0.33,0,0.04,0.94,92,41,69,72,987,7
1872,8,12,11,150,0.78,0.03,0,0.13,0.94,83,30,80,31,808,3
2185,8,8,11,43,0.46,0.36,0,0.12,0.93,79,20,59,18,287,3
2005,9,19,3,112,0.32,0.32,0.15,0.15,0.93,77,32,70,187,223,7
891,10,22,11,43,0.29,0.49,0,0.15,0.93,79,38,53,157,287,7
3244,3,11,10,43,0.81,0.05,0,0.07,0.93,70,13,52,24,389,4
3376,16,8,11,6,0.59,0.3,0,0.04,0.93,90,25,76,21,628,7
786,17,20,8,43,0.56,0.28,0,0.09,0.93,85,28,60,703,117,6
3565,9,14,8,150,0.33,0.16,0.36,0.08,0.93,64,77,66,213,529,7
2758,9,14,4,150,0.27,0.5,0,0.16,0.93,70,26,46,4,814,7
1549,1,22,1,117,0.28,0.14,0.47,0.04,0.93,81,71,78,87,400,3
1295,13,15,4,6,0.4,0.43,0,0.1,0.93,85,20,77,17,628,7
3085,4,9,1,185,0.67,0.25,0,0.02,0.93,71,16,79,8,513,3
245,15,15,1,148,0.51,0.25,0.09,0.08,0.93,90,86,71,597,700,6
1873,8,13,11,150,0.77,0.03,0,0.13,0.93,83,25,77,19,807,3
426,5,12,7,175,0.72,0.19,0,0.03,0.93,71,21,61,5,733,3
366,3,13,10,56,0.85,0.01,0,0.07,0.93,61,11,39,5,621,3
1532,3,16,8,158,0.53,0.09,0.27,0.05,0.93,66,58,61,76,879,4
2262,15,15,9,30,0.36,0.45,0.02,0.1,0.93,77,47,69,112,192,6
1587,10,20,1,193,0.37,0.4,0,0.15,0.93,73,43,62,75,983,4
3593,15,17,4,6,0.87,0,0,0.06,0.93,39,5,47,8,31,4
357,9,14,9,182,0.44,0.34,0,0.15,0.93,76,48,71,70,371,6
3212,9,20,1,193,0.33,0.43,0.02,0.15,0.93,80,5,59,12,983,4
161,6,18,1,182,0.28,0.53,0,0.12,0.93,80,21,53,1489,987,6
334,6,18,9,167,0.42,0.41,0,0.1,0.93,89,38,73,2482,371,6
3085,8,9,1,91,0.45,0.35,0,0.12,0.92,59,29,78,31,498,3
748,1,19,2,117,0.17,0.2,0.53,0.03,0.92,71,27,66,21,398,3
3387,8,7,10,176,0.45,0.35,0,0.12,0.92,63,17,24,9,959,3
2108,15,16,11,43,0.86,0,0,0.06,0.92,86,29,62,70,291,3
9,7,6,1,43,0.51,0.35,0,0.06,0.92,61,11,58,44,124,7
2328,3,11,2,26,0.44,0.05,0.39,0.05,0.92,81,53,83,203,165,7
1881,10,21,11,150,0.68,0.08,0,0.17,0.92,80,44,69,190,808,3
2853,9,20,8,182,0.43,0.34,0,0.16,0.92,85,31,76,575,658,6
2853,15,20,8,182,0.58,0.26,0,0.09,0.92,82,33,75,363,658,6
1878,9,18,11,150,0.86,0,0,0.06,0.92,87,23,66,75,808,3
2890,11,12,1,175,0.55,0.21,0,0.16,0.92,48,9,55,13,922,3
593,15,16,1,43,0.63,0.2,0.02,0.07,0.92,73,71,68,224,1028,6
3573,13,17,4,117,0.23,0.42,0.18,0.09,0.92,60,34,52,16,639,4
3652,15,14,3,175,0.58,0.26,0,0.08,0.92,79,47,62,34,1057,7
2834,5,12,7,148,0.71,0.18,0,0.03,0.92,59,32,71,46,860,3
316,15,12,8,103,0.3,0.32,0.21,0.08,0.92,79,56,69,161,593,7
1336,1,18,1,97,0.41,0.17,0.3,0.05,0.91,74,21,73,62,560,3
1564,13,14,1,6,0.5,0.32,0,0.09,0.91,70,20,58,7,1054,4
888,9,16,11,43,0.52,0.27,0,0.12,0.91,78,20,45,14,273,3
1558,8,8,11,43,0.45,0.35,0,0.12,0.91,76,23,72,12,305,7
3336,15,14,12,182,0.58,0.24,0.01,0.09,0.91,77,63,63,53,1001,7
1595,9,23,1,193,0.36,0.41,0,0.15,0.91,76,27,74,48,971,4
3333,8,9,7,59,0.35,0.27,0.21,0.09,0.91,63,15,80,23,376,3
3674,13,16,8,117,0.43,0.25,0.16,0.07,0.91,92,59,80,950,598,7
493,7,6,7,30,0.02,0.8,0.02,0.07,0.91,90,13,78,31,192,3
873,9,17,1,170,0.25,0.13,0.46,0.06,0.91,57,25,65,57,663,7
2057,17,19,11,167,0.7,0.11,0,0.09,0.91,86,15,48,183,1029,3
2910,9,18,11,43,0.35,0.41,0.02,0.14,0.91,81,38,59,110,273,3
2835,13,14,7,148,0.48,0.32,0.02,0.09,0.91,56,26,72,57,860,3
2833,16,10,4,148,0.61,0.26,0,0.04,0.91,75,20,70,12,860,3
2262,9,15,9,30,0.23,0.46,0.05,0.17,0.91,76,42,56,53,192,6
3312,8,8,11,43,0.44,0.35,0,0.12,0.9,80,23,67,5,287,3
1646,15,13,8,103,0.45,0.26,0.11,0.08,0.9,78,68,74,432,592,7
2980,10,22,3,26,0.4,0.28,0.08,0.14,0.9,77,80,25,1221,165,7
1482,17,21,1,158,0.44,0.39,0,0.08,0.9,71,24,61,186,89,6
1884,8,10,11,150,0.44,0.35,0,0.12,0.9,78,36,67,9,24,3
1755,15,15,8,6,0.68,0.15,0,0.08,0.9,73,75,64,82,1020,7
379,8,11,7,43,0.75,0.03,0,0.12,0.9,90,52,79,114,215,4
558,15,19,9,43,0.51,0.31,0.01,0.08,0.9,76,45,58,344,219,6
3285,15,18,1,112,0.48,0.32,0.02,0.08,0.9,88,82,74,818,177,6
1384,9,17,9,175,0.32,0.39,0.04,0.15,0.9,70,60,48,174,497,6
1598,10,21,1,193,0.32,0.42,0.02,0.14,0.9,70,46,61,80,983,4
3152,6,20,8,20,0.32,0.51,0,0.07,0.9,71,64,48,2421,1061,6
1392,8,12,11,150,0.17,0.13,0.55,0.05,0.9,70,44,72,8,187,3
1967,9,15,7,175,0.52,0.25,0,0.12,0.9,74,44,65,10,733,3
1688,10,19,11,43,0.63,0.13,0,0.15,0.9,74,13,43,118,287,3
2830,16,9,5,148,0.41,0.43,0.01,0.05,0.9,73,28,67,34,860,3
2872,8,13,5,6,0.74,0.03,0.01,0.12,0.9,50,14,56,28,1020,7
1453,16,8,9,43,0.65,0.22,0,0.03,0.9,71,16,66,15,305,7
1601,1,19,1,193,0.42,0.36,0.04,0.07,0.9,61,4,43,11,983,4
755,9,15,4,6,0.42,0.34,0,0.14,0.9,86,53,69,49,342,7
3663,16,10,8,6,0.62,0.24,0,0.04,0.9,82,63,76,14,738,7
2088,16,10,11,43,0.81,0.05,0,0.04,0.9,85,28,67,14,273,3
1335,8,9,11,43,0.44,0.34,0,0.11,0.9,68,21,57,27,556,3
303,8,11,11,185,0.74,0.03,0,0.12,0.89,76,25,71,20,585,6
435,4,7,5,91,0.6,0.22,0.05,0.02,0.89,91,22,76,59,500,7
2801,9,17,9,150,0.66,0.11,0.04,0.08,0.89,67,64,54,121,1064,6
3302,8,11,11,43,0.74,0.03,0,0.12,0.89,83,29,53,16,287,3
1042,15,18,11,43,0.17,0.62,0,0.1,0.89,77,47,58,58,287,3
476,4,10,2,117,0.46,0.17,0.24,0.02,0.89,84,16,77,58,639,3
1099,4,10,12,117,0.42,0.16,0.3,0.02,0.89,85,38,82,132,463,3
1511,11,12,9,150,0.44,0.27,0,0.18,0.89,77,56,74,80,391,7
1093,5,9,1,175,0.69,0.18,0,0.02,0.89,62,11,46,8,971,3
34,7,3,10,150,0.16,0.11,0.56,0.06,0.89,83,10,73,22,608,7
2154,8,7,11,148,0.44,0.34,0,0.11,0.89,85,16,66,6,1029,3
2428,9,14,7,38,0.42,0.33,0,0.14,0.89,83,43,69,30,125,3
2526,11,15,9,150,0.27,0.35,0.05,0.21,0.89,81,67,72,84,861,6
410,3,14,9,6,0.56,0.25,0,0.08,0.89,75,12,69,20,606,7
3309,9,17,11,43,0.52,0.25,0,0.11,0.89,80,41,64,17,305,3
1034,13,14,11,43,0.28,0.51,0,0.09,0.89,80,18,75,22,273,3
1596,9,15,1,6,0.47,0.29,0,0.13,0.89,70,25,62,16,971,4
1141,3,14,8,117,0.83,0,0,0.06,0.89,70,17,70,15,749,3
2110,9,18,1,43,0.82,0,0,0.07,0.89,79,9,32,34,291,3
2625,13,14,4,148,0.41,0.37,0.01,0.09,0.88,68,43,72,40,371,3
3240,9,13,1,43,0.38,0.36,0,0.15,0.88,71,30,66,49,283,7
407,6,15,9,6,0.01,0.79,0,0.09,0.88,86,40,33,6430,457,6
3278,9,17,1,158,0.27,0.46,0,0.15,0.88,78,37,72,60,217,7
975,15,16,7,30,0.18,0.59,0.01,0.1,0.88,84,43,66,65,193,3
412,9,15,9,182,0.35,0.37,0.01,0.15,0.88,78,47,69,91,933,6
2063,8,11,1,167,0.43,0.34,0,0.11,0.88,84,23,74,13,1029,3
751,11,17,3,158,0.21,0.12,0.46,0.08,0.88,78,52,74,144,878,7
1904,13,12,7,182,0.8,0,0.01,0.07,0.88,51,11,69,17,987,3
1010,17,22,1,182,0.47,0.33,0,0.08,0.88,77,27,55,194,994,6
2516,1,18,1,26,0.3,0.22,0.3,0.05,0.88,82,78,76,397,165,6
2825,3,14,8,148,0.5,0.29,0.01,0.08,0.88,74,55,64,81,117,3
2956,3,14,1,94,0.5,0.28,0,0.09,0.88,61,8,46,18,606,7
1251,6,14,1,167,0.01,0.79,0,0.07,0.88,90,40,57,2299,778,6
2568,15,16,4,109,0.73,0.09,0,0.06,0.88,93,57,73,137,405,7
3654,15,16,3,175,0.44,0.35,0,0.08,0.88,75,49,67,45,1057,7
926,8,10,11,61,0.43,0.33,0,0.11,0.88,86,25,72,18,520,3
335,10,21,9,167,0.38,0.33,0.03,0.14,0.88,82,49,69,345,371,6
548,16,9,10,103,0.65,0.19,0,0.03,0.87,88,49,79,45,330,7
1673,13,13,11,43,0.8,0,0,0.07,0.87,76,29,59,27,291,3
2860,7,7,9,168,0.49,0.33,0,0.06,0.87,48,4,57,16,788,7
974,13,15,7,30,0.15,0.62,0,0.11,0.87,69,29,63,30,898,3
3343,16,9,9,182,0.61,0.24,0,0.03,0.87,81,33,79,17,753,6
2780,15,18,1,159,0.38,0.4,0.01,0.08,0.87,80,47,70,468,1011,6
1539,15,18,8,43,0.55,0.24,0.01,0.07,0.87,80,71,68,446,111,6
1531,8,14,8,158,0.73,0.03,0,0.12,0.87,68,20,63,105,487,4
2320,11,15,8,148,0.08,0.11,0.62,0.06,0.87,69,27,72,35,40,7
1848,15,17,4,182,0.62,0.18,0,0.07,0.87,63,31,59,29,994,4
1628,9,18,1,150,0.42,0.3,0.01,0.15,0.87,73,69,60,159,571,3
3378,8,12,11,6,0.72,0.03,0,0.12,0.87,69,17,64,19,836,7
1272,15,14,7,30,0.33,0.44,0.01,0.09,0.87,87,62,70,131,192,3
708,15,13,7,30,0.38,0.4,0,0.09,0.87,83,59,65,94,192,3
2496,15,15,9,175,0.48,0.29,0.01,0.09,0.87,85,84,72,237,1035,6
1049,8,11,3,43,0.72,0.03,0,0.12,0.87,88,37,81,37,287,7
509,16,8,9,145,0.48,0.37,0,0.02,0.87,65,14,72,17,818,7
520,13,14,10,2,0.51,0.27,0.01,0.08,0.87,62,17,40,12,202,3
357,15,14,9,182,0.47,0.3,0,0.09,0.87,76,65,74,149,371,6
3487,7,6,8,32,0.3,0.2,0.3,0.06,0.87,92,19,74,129,883,7
3544,8,13,1,170,0.11,0.09,0.64,0.03,0.87,55,14,73,16,663,7
558,9,19,9,43,0.26,0.42,0.03,0.16,0.87,77,23,54,288,219,6
1810,9,14,9,43,0.29,0.39,0.02,0.16,0.87,72,43,62,73,680,7
1206,13,15,1,16,0.59,0.2,0,0.07,0.86,76,29,76,28,752,4
1292,10,21,4,6,0.34,0.38,0,0.14,0.86,80,69,53,160,342,7
910,13,15,10,117,0.46,0.21,0.12,0.06,0.86,76,42,76,26,62,4
3584,11,12,11,91,0.01,0.72,0.12,0.01,0.86,81,10,74,14,502,3
2575,8,8,3,135,0.42,0.33,0,0.11,0.86,74,14,75,11,732,7
1124,7,7,7,44,0.48,0.33,0,0.06,0.86,53,4,49,4,962,3
1300,15,16,4,6,0.47,0.31,0,0.08,0.86,72,65,56,51,628,7
1612,11,12,6,150,0.12,0.51,0,0.23,0.86,76,46,70,14,926,3
867,8,9,1,170,0.17,0.13,0.51,0.04,0.86,72,15,82,39,663,7
16,15,16,11,43,0.32,0.42,0.02,0.09,0.85,83,61,72,58,305,3
3365,13,13,1,42,0.12,0.62,0,0.11,0.85,73,22,64,25,217,7
2065,15,13,11,167,0.79,0,0,0.07,0.85,81,33,61,28,1029,3
3315,16,10,11,43,0.64,0.18,0,0.03,0.85,88,26,80,14,287,3
1539,9,18,8,43,0.37,0.29,0.09,0.11,0.85,81,34,67,376,111,6
797,9,14,3,16,0.22,0.33,0.18,0.12,0.85,71,32,63,51,258,7
3099,9,18,3,112,0.28,0.31,0.13,0.13,0.85,82,50,73,193,609,7
2216,9,15,1,183,0.52,0.16,0.08,0.1,0.85,83,52,68,115,930,6
2466,8,13,1,175,0.31,0,0,0.53,0.85,65,9,71,11,78,3
373,8,8,7,3,0.42,0.32,0,0.11,0.85,86,31,73,48,215,3
3568,14,19,11,117,0.35,0.23,0.21,0.05,0.85,72,19,68,72,639,3
2978,8,6,3,189,0.32,0.25,0.2,0.08,0.85,64,17,70,31,62,7
3211,3,14,5,117,0.6,0,0.2,0.05,0.85,75,25,75,26,966,3
2108,9,16,11,43,0.79,0,0,0.06,0.85,85,22,65,25,291,3
3171,13,15,9,148,0.44,0.3,0.02,0.09,0.85,78,65,78,95,409,6
150,9,16,9,43,0.44,0.27,0.01,0.12,0.85,74,56,61,88,282,6
605,9,18,1,175,0.35,0.35,0.01,0.14,0.84,84,39,62,422,1024,6
2870,5,10,1,6,0.65,0.17,0,0.02,0.84,80,41,79,30,973,7
3219,15,23,1,193,0.52,0.24,0,0.08,0.84,61,48,65,113,857,6
1,9,18,8,112,0.2,0.12,0.45,0.07,0.84,71,59,70,216,96,7
1206,9,15,1,150,0.34,0.36,0,0.14,0.84,78,74,70,96,941,7
3174,5,10,1,175,0.65,0.17,0,0.02,0.84,63,27,62,7,410,7
3675,14,21,8,117,0.36,0.28,0.14,0.06,0.84,84,87,80,1548,598,7
2053,9,15,11,167,0.75,0.01,0.01,0.07,0.84,83,30,69,39,1029,3
2767,9,15,11,43,0.46,0.25,0.01,0.12,0.84,84,50,69,53,271,7
264,8,8,7,44,0.41,0.32,0,0.11,0.84,62,15,44,20,320,7
2579,8,11,8,150,0.24,0.16,0.39,0.05,0.84,83,59,75,89,529,7
921,8,10,11,148,0.41,0.32,0,0.11,0.84,86,14,72,10,1029,3
2111,9,19,11,43,0.75,0,0,0.09,0.84,77,9,53,40,291,3
1332,3,13,1,43,0.28,0.46,0,0.1,0.84,51,15,40,19,1030,3
2795,15,18,9,2,0.46,0.28,0.02,0.07,0.84,67,37,59,131,748,6
1844,4,10,2,117,0.6,0.22,0,0.01,0.84,89,50,81,132,639,3
376,11,11,7,43,0.7,0.05,0,0.08,0.84,86,53,75,108,215,4
296,13,13,10,182,0.74,0.04,0,0.06,0.83,57,11,58,28,987,7
1675,13,14,11,43,0.76,0.01,0,0.06,0.83,82,19,63,22,291,3
862,8,6,1,175,0.24,0.19,0.34,0.06,0.83,75,17,79,24,663,7
1672,11,23,11,185,0.77,0.03,0,0.04,0.83,78,18,57,16,291,3
3320,9,13,9,112,0.32,0.32,0.05,0.14,0.83,60,52,65,21,632,7
853,15,17,9,167,0.52,0.25,0,0.07,0.83,49,76,35,456,372,6
1630,4,10,1,38,0.6,0.22,0,0.01,0.83,57,6,41,5,71,3
2109,9,17,11,43,0.78,0,0,0.05,0.83,82,17,49,41,287,3
363,16,9,9,103,0.62,0.18,0.01,0.03,0.83,77,45,69,49,248,6
3308,9,16,11,43,0.37,0.33,0,0.13,0.83,78,40,58,17,287,3
3652,13,14,3,175,0.44,0.31,0,0.08,0.83,79,18,76,18,1057,7
2782,8,11,5,150,0.69,0.03,0,0.11,0.83,83,59,79,130,897,4
1889,8,23,11,185,0.41,0.32,0,0.11,0.83,77,25,73,6,585,3
2134,13,15,7,43,0.45,0.3,0,0.08,0.83,69,41,65,38,282,4
2981,9,18,3,26,0.42,0.21,0.1,0.09,0.83,84,51,44,191,165,7
2732,15,14,12,167,0.58,0.17,0,0.07,0.83,84,55,69,171,333,4
3071,1,17,8,112,0.43,0.19,0.14,0.06,0.83,75,33,67,197,96,7
785,9,17,1,43,0.4,0.26,0.05,0.11,0.83,82,52,34,1197,117,6
408,13,17,9,6,0.55,0.2,0,0.08,0.82,70,16,9,442,975,6
1456,16,8,9,43,0.58,0.22,0,0.03,0.82,78,30,69,25,318,7
3375,5,7,11,6,0.64,0.17,0,0.02,0.82,91,27,81,27,628,7
1754,8,12,8,6,0.69,0.03,0,0.11,0.82,81,29,73,33,738,7
756,15,16,4,6,0.64,0.12,0,0.06,0.82,86,66,70,23,342,7
1349,13,13,10,139,0.67,0.03,0.06,0.05,0.82,65,18,73,28,561,3
3382,11,11,11,6,0.46,0.21,0,0.15,0.82,83,49,71,34,836,7
2131,16,8,7,43,0.68,0.11,0,0.03,0.82,75,18,55,15,286,3
96,16,7,11,103,0.69,0.11,0,0.02,0.82,78,30,81,20,453,3
2974,15,13,9,105,0.4,0.33,0.01,0.09,0.82,77,59,67,91,585,6
2710,8,14,8,17,0.34,0.04,0.36,0.08,0.82,90,47,80,634,83,6
687,9,18,1,26,0.42,0.19,0.11,0.09,0.82,74,27,79,158,167,6
3219,9,23,1,193,0.25,0.42,0.01,0.13,0.82,63,33,61,100,857,6
571,15,18,4,103,0.57,0.18,0,0.06,0.81,86,43,71,45,405,7
3065,7,6,8,112,0.06,0.04,0.66,0.05,0.81,78,9,78,31,608,7
2034,7,6,7,43,0.45,0.31,0,0.05,0.81,73,8,52,9,121,3
3201,5,10,1,117,0.63,0.16,0,0.02,0.81,86,55,63,74,639,3
1784,11,11,2,150,0.19,0.41,0,0.22,0.81,66,43,78,52,813,7
3495,7,5,8,45,0.07,0.05,0.63,0.05,0.81,81,8,79,37,976,7
2689,15,23,11,182,0.48,0.25,0,0.08,0.81,60,48,67,25,994,7
2300,11,13,4,150,0.33,0.25,0.07,0.16,0.81,86,60,78,102,801,3
2400,15,15,11,91,0.12,0.58,0.03,0.08,0.81,78,34,67,29,513,3
3348,8,10,9,182,0.4,0.31,0,0.1,0.81,70,34,73,17,1001,6
1688,17,19,11,43,0.67,0.05,0,0.08,0.81,73,18,50,111,287,3
2107,9,15,11,43,0.75,0,0,0.06,0.81,80,20,60,14,291,3
1300,9,16,4,6,0.33,0.34,0,0.13,0.81,74,46,62,30,628,7
3244,8,11,10,43,0.67,0.03,0,0.11,0.81,75,31,35,166,569,7
816,9,16,3,112,0.42,0.18,0.11,0.09,0.81,60,27,66,63,871,7
3684,8,11,1,148,0.03,0.02,0.74,0.01,0.8,75,58,73,73,49,6
2939,5,9,10,94,0.62,0.16,0,0.02,0.8,75,36,67,50,326,7
1382,8,10,9,42,0.39,0.31,0,0.1,0.8,80,39,74,43,469,6
2416,1,18,6,92,0.2,0.26,0.3,0.04,0.8,79,69,76,99,529,7
255,13,14,1,90,0.52,0.21,0,0.07,0.8,45,6,69,11,596,4
1056,7,5,8,157,0.45,0.3,0,0.05,0.8,80,14,72,28,883,7
709,15,15,7,30,0.32,0.39,0,0.09,0.8,87,65,73,110,192,7
2395,16,10,1,182,0.48,0.28,0,0.04,0.8,83,55,66,35,994,6
1512,12,19,9,152,0.2,0.39,0.04,0.17,0.8,78,86,80,513,390,6
2400,11,15,11,91,0.09,0.33,0.2,0.18,0.8,72,9,37,5,513,3
1295,15,15,4,6,0.52,0.2,0,0.07,0.8,84,62,72,79,628,7
1080,12,19,8,158,0.16,0.24,0.28,0.12,0.8,86,14,76,223,1026,7
2131,5,8,7,43,0.68,0.09,0,0.02,0.8,68,16,74,15,286,3
2480,3,13,4,182,0.73,0.01,0,0.06,0.8,57,8,61,15,995,4
3250,11,12,10,43,0.19,0.38,0,0.22,0.79,57,9,64,10,569,7
795,8,12,3,16,0.66,0.02,0,0.11,0.79,73,31,77,61,871,7
1294,8,14,4,6,0.61,0,0,0.18,0.79,71,11,54,15,151,7
2942,13,15,1,94,0.43,0.29,0,0.07,0.79,48,10,55,5,515,7
2401,11,16,11,91,0.05,0.3,0.29,0.16,0.79,74,10,49,5,513,3
1338,5,9,8,182,0.61,0.16,0,0.02,0.79,79,28,80,148,559,3
759,9,19,1,26,0.24,0.26,0.19,0.1,0.79,85,40,44,1471,638,6
1935,7,7,7,167,0.44,0.3,0,0.05,0.79,34,6,44,6,243,3
605,15,18,1,175,0.45,0.27,0,0.07,0.79,83,63,71,456,1024,6
2125,15,19,7,43,0.37,0.35,0.01,0.07,0.79,76,12,45,107,378,4
5,15,18,1,6,0.48,0.24,0,0.07,0.79,74,69,61,173,731,6
134,8,6,10,182,0.28,0.22,0.23,0.07,0.79,78,23,75,19,346,7
3161,15,15,1,43,0.47,0.23,0.01,0.08,0.79,65,72,60,60,283,6
784,15,18,8,26,0.42,0.23,0.07,0.06,0.79,75,59,69,320,165,6
2407,10,21,11,91,0.13,0.42,0.13,0.1,0.79,87,54,62,680,513,3
2465,17,21,4,103,0.49,0.22,0.01,0.07,0.79,84,75,68,325,734,6
205,15,15,4,6,0.51,0.21,0,0.07,0.79,76,52,41,30,628,4
2104,8,13,11,43,0.65,0.03,0,0.11,0.79,83,6,74,23,291,3
1040,16,9,11,43,0.24,0.49,0,0.05,0.79,82,20,73,23,273,3
3247,11,13,10,43,0.08,0.46,0,0.25,0.79,64,5,64,18,569,4
2922,15,15,8,158,0.32,0.2,0.21,0.06,0.79,72,56,63,150,882,7
2797,9,17,9,29,0.27,0.34,0.04,0.13,0.79,53,17,51,34,185,6
1439,11,15,12,150,0.17,0.5,0,0.11,0.79,69,32,64,19,653,4
3641,9,20,11,167,0.36,0.29,0,0.13,0.78,55,5,22,57,1057,7
3385,15,14,8,103,0.38,0.29,0.03,0.08,0.78,65,80,61,458,843,7
3307,9,15,11,43,0.42,0.25,0,0.11,0.78,81,38,68,9,291,3
3359,15,12,1,182,0.67,0.04,0.01,0.06,0.78,85,59,72,148,1001,6
2004,15,16,3,112,0.43,0.27,0.01,0.07,0.78,74,31,76,39,223,7
1232,3,16,8,117,0.51,0.09,0.13,0.05,0.78,79,63,72,86,164,4
1048,15,17,3,43,0.4,0.31,0,0.07,0.78,86,59,65,105,273,6
624,15,19,1,36,0.44,0.26,0.01,0.07,0.78,57,43,54,192,933,6
2940,3,14,1,94,0.61,0.11,0,0.06,0.78,68,10,69,32,541,4
3291,3,13,8,158,0.49,0.04,0.21,0.04,0.78,88,59,80,283,487,7
834,3,13,1,175,0.71,0.01,0,0.06,0.78,73,34,73,30,20,3
2732,9,14,12,167,0.49,0.19,0.01,0.09,0.78,85,39,68,87,333,4
2064,8,12,11,167,0.65,0.02,0,0.11,0.78,81,12,75,18,521,3
1456,5,8,9,43,0.6,0.16,0,0.02,0.78,80,17,77,46,318,7
1234,9,17,9,6,0.33,0.33,0,0.12,0.78,72,38,54,52,318,7
2478,15,17,5,182,0.38,0.32,0,0.08,0.78,87,55,73,209,1008,4
74,15,19,9,148,0.36,0.34,0,0.07,0.77,48,47,29,449,371,6
1620,15,14,4,103,0.12,0.56,0,0.1,0.77,71,43,65,34,460,7
1690,13,15,1,148,0.45,0.23,0.02,0.07,0.77,81,74,77,176,700,6
2136,11,14,7,43,0.24,0.33,0.01,0.19,0.77,57,14,62,19,280,3
2307,15,11,9,103,0.66,0.02,0.03,0.06,0.77,81,75,64,229,734,6
1749,8,11,3,43,0.64,0.02,0,0.1,0.77,53,30,54,46,275,7
2135,7,5,7,43,0.43,0.29,0,0.05,0.77,78,13,76,24,296,3
2514,15,18,1,26,0.55,0.14,0.03,0.06,0.77,52,56,40,330,849,6
3451,15,17,11,175,0.53,0.18,0,0.06,0.77,70,36,56,15,953,3
3634,11,12,12,175,0.11,0.43,0,0.23,0.77,70,22,57,18,926,4
2932,4,8,1,175,0.55,0.2,0,0.01,0.77,38,14,41,6,231,3
1204,13,13,9,148,0.42,0.21,0.08,0.07,0.77,69,42,66,31,73,7
1765,8,7,5,26,0.38,0.29,0,0.1,0.77,84,33,78,16,165,7
769,4,11,5,117,0.45,0.17,0.14,0.01,0.77,77,16,75,27,734,3
78,8,8,11,3,0.38,0.29,0,0.1,0.77,81,15,75,17,27,3
3475,8,8,8,16,0.1,0.08,0.56,0.03,0.77,45,26,21,29,883,7
2361,3,10,7,117,0.21,0.14,0.38,0.04,0.77,46,28,50,34,47,3
815,9,15,3,112,0.37,0.19,0.11,0.1,0.77,57,26,63,58,871,7
3441,11,11,1,150,0.71,0,0,0.06,0.77,79,45,73,38,451,7
2841,8,14,5,148,0.37,0.04,0,0.36,0.76,66,5,58,49,860,4
839,16,10,7,16,0.36,0.38,0,0.03,0.76,56,57,38,69,759,6
1443,7,4,11,91,0,0,0.71,0.05,0.76,94,4,78,40,502,3
2139,11,14,7,43,0.23,0.31,0.03,0.19,0.76,52,7,59,37,695,7
1840,3,12,9,117,0.57,0.04,0.11,0.06,0.76,85,54,71,188,639,7
246,14,20,1,117,0.32,0.28,0.1,0.06,0.76,91,80,73,1217,700,6
2930,11,15,9,94,0.38,0.23,0,0.15,0.76,63,25,71,41,800,7
3057,8,10,9,150,0.37,0.29,0,0.1,0.76,65,47,60,30,861,6
3251,1,17,10,43,0.3,0.37,0.03,0.07,0.76,52,29,24,31,280,7
1929,16,10,3,105,0.61,0.12,0,0.03,0.76,81,53,79,24,585,6
3122,4,10,2,38,0.54,0.2,0,0.01,0.76,39,6,67,5,1020,3
755,13,15,4,6,0.45,0.23,0,0.07,0.76,87,22,67,19,324,7
2378,6,17,9,188,0.33,0.32,0,0.1,0.76,95,52,79,5999,1013,4
853,9,17,9,167,0.33,0.31,0,0.12,0.76,51,48,40,278,372,6
2957,13,16,1,94,0.52,0.18,0,0.06,0.76,71,10,69,31,544,7
1331,13,15,1,43,0.28,0.39,0,0.08,0.75,60,35,51,8,272,4
